scenario_id,sweep,model,vertiport_id,flight_id,aircraft_id,operation,start_s,end_s,duration_s,pad_delay_s
S4,continuous,D,14,0,81,takeoff,0.0,30.0,30.0,0.0
S4,continuous,D,28,0,81,landing,146.9623933510499,336.9623933510499,190.0,0.0
S4,continuous,D,14,1,158,takeoff,30.0,60.0,30.0,0.0
S4,continuous,D,5,1,158,landing,104.98993399776006,294.9899339977601,190.00000000000003,0.0
S4,continuous,D,2,2,99,takeoff,60.0,90.0,30.0,0.0
S4,continuous,D,20,2,99,landing,135.37045570632296,325.37045570632296,190.0,0.0
S4,continuous,D,21,3,108,takeoff,90.0,120.0,30.0,0.0
S4,continuous,D,6,3,108,landing,155.77600294777938,345.7760029477794,190.0,0.0
S4,continuous,D,31,4,38,takeoff,120.0,150.0,30.0,0.0
S4,continuous,D,19,4,38,landing,191.2669725931799,381.2669725931799,190.0,0.0
S4,continuous,D,13,5,93,takeoff,150.0,180.0,30.0,0.0
S4,continuous,D,21,5,93,landing,262.5721609159016,452.5721609159016,190.0,0.0
S4,continuous,D,16,6,12,takeoff,180.0,210.0,30.0,0.0
S4,continuous,D,12,6,12,landing,280.5527514609348,470.5527514609348,190.0,0.0
S4,continuous,D,22,7,188,takeoff,210.0,240.0,30.0,0.0
S4,continuous,D,18,7,188,landing,259.26667734355567,449.26667734355567,190.0,0.0
S4,continuous,D,31,8,16,takeoff,240.0,270.0,30.0,0.0
S4,continuous,D,20,8,16,landing,325.37045570632296,515.3704557063229,189.99999999999994,69.80319430669763
S4,continuous,D,30,9,89,takeoff,270.0,300.0,30.0,0.0
S4,continuous,D,7,9,89,landing,375.92855911484,565.92855911484,190.0,0.0
S4,continuous,D,9,10,90,takeoff,300.0,330.0,30.0,0.0
S4,continuous,D,1,10,90,landing,424.83464368981356,614.8346436898136,190.0,0.0
S4,continuous,D,14,11,164,takeoff,330.0,360.0,30.0,0.0
S4,continuous,D,8,11,164,landing,452.46223762573857,642.4622376257386,190.0,0.0
S4,continuous,D,25,12,155,takeoff,360.0,390.0,30.0,0.0
S4,continuous,D,4,12,155,landing,482.5273834599645,672.5273834599645,190.00000000000006,0.0
S4,continuous,D,31,13,174,takeoff,390.0,420.0,30.0,0.0
S4,continuous,D,2,13,174,landing,455.6212786102517,645.6212786102517,190.0,0.0
S4,continuous,D,20,14,162,takeoff,515.3704557063229,545.3704557063229,30.0,95.3704557063229
S4,continuous,D,24,14,162,landing,623.2868181928567,813.2868181928567,190.0,0.0
S4,continuous,D,14,15,34,takeoff,450.0,480.0,30.0,0.0
S4,continuous,D,15,15,34,landing,568.2871014045851,758.2871014045851,190.0,0.0
S4,continuous,D,15,16,71,takeoff,480.0,510.0,30.0,0.0
S4,continuous,D,25,16,71,landing,559.3743619392565,749.3743619392565,190.0,0.0
S4,continuous,D,25,17,96,takeoff,749.3743619392565,779.3743619392565,30.0,179.37436193925646
S4,continuous,D,22,17,96,landing,824.7749804516203,1014.7749804516203,190.0,0.0
S4,continuous,D,1,18,101,takeoff,614.8346436898136,644.8346436898136,30.0,74.83464368981356
S4,continuous,D,29,18,101,landing,679.9554109640283,869.9554109640283,190.0,0.0
S4,continuous,D,30,19,33,takeoff,570.0,600.0,30.0,0.0
S4,continuous,D,27,19,33,landing,698.2531926621302,888.2531926621302,190.0,0.0
S4,continuous,D,29,20,123,takeoff,600.0,630.0,30.0,0.0
S4,continuous,D,17,20,123,landing,656.8216186975831,846.8216186975831,190.0,0.0
S4,continuous,D,24,21,20,takeoff,813.2868181928567,843.2868181928567,30.0,183.28681819285669
S4,continuous,D,4,21,20,landing,955.538448557493,1145.538448557493,190.0,0.0
S4,continuous,D,17,22,16,takeoff,846.8216186975831,876.8216186975831,30.0,186.82161869758306
S4,continuous,D,7,22,16,landing,962.9064945812704,1152.9064945812704,190.0,0.0
S4,continuous,D,22,23,159,takeoff,690.0,720.0,30.0,0.0
S4,continuous,D,7,23,159,landing,1152.9064945812704,1342.9064945812704,190.0,357.0804945865341
S4,continuous,D,21,24,124,takeoff,720.0,750.0,30.0,0.0
S4,continuous,D,26,24,124,landing,844.1948004280745,1034.1948004280744,189.9999999999999,0.0
S4,continuous,D,11,25,188,takeoff,750.0,780.0,30.0,0.0
S4,continuous,D,9,25,188,landing,907.0714204892214,1097.0714204892215,190.0000000000001,0.0
S4,continuous,D,18,26,54,takeoff,780.0,810.0,30.0,0.0
S4,continuous,D,26,26,54,landing,1034.1948004280744,1224.1948004280744,190.0,228.23061987946267
S4,continuous,D,15,27,169,takeoff,810.0,840.0,30.0,0.0
S4,continuous,D,18,27,169,landing,893.0252920114802,1083.0252920114804,190.0000000000001,0.0
S4,continuous,D,14,28,50,takeoff,840.0,870.0,30.0,0.0
S4,continuous,D,7,28,50,landing,1342.9064945812704,1532.9064945812704,190.0,371.745722891471
S4,continuous,D,0,29,46,takeoff,870.0,900.0,30.0,0.0
S4,continuous,D,16,29,46,landing,986.6344517108746,1176.6344517108746,190.0,0.0
S4,continuous,D,27,30,119,takeoff,900.0,930.0,30.0,0.0
S4,continuous,D,24,30,119,landing,1048.56361450092,1238.56361450092,190.0,0.0
S4,continuous,D,9,31,92,takeoff,1097.0714204892215,1127.0714204892215,30.0,167.0714204892215
S4,continuous,D,29,31,92,landing,1200.1480638522037,1390.1480638522037,190.0,0.0
S4,continuous,D,15,32,182,takeoff,960.0,990.0,30.0,0.0
S4,continuous,D,9,32,182,landing,1141.5856898697018,1331.5856898697018,190.0,0.0
S4,continuous,D,7,33,21,takeoff,1532.9064945812704,1562.9064945812704,30.0,542.9064945812704
S4,continuous,D,25,33,21,landing,1620.5867171550308,1810.5867171550308,190.0,0.0
S4,continuous,D,5,34,88,takeoff,1020.0,1050.0,30.0,0.0
S4,continuous,D,2,34,88,landing,1136.7437278161267,1326.7437278161267,190.0,0.0
S4,continuous,D,12,35,149,takeoff,1050.0,1080.0,30.0,0.0
S4,continuous,D,2,35,149,landing,1326.7437278161267,1516.7437278161267,190.0,165.9662262763061
S4,continuous,D,25,36,75,takeoff,1080.0,1110.0,30.0,0.0
S4,continuous,D,12,36,75,landing,1195.9571301923647,1385.9571301923647,190.0,0.0
S4,continuous,D,11,37,93,takeoff,1110.0,1140.0,30.0,0.0
S4,continuous,D,26,37,93,landing,1224.1948004280744,1414.1948004280744,190.0,49.629487275787596
S4,continuous,D,16,38,121,takeoff,1176.6344517108746,1206.6344517108746,30.0,36.6344517108746
S4,continuous,D,11,38,121,landing,1264.938293935192,1454.938293935192,190.0,0.0
S4,continuous,D,14,39,151,takeoff,1170.0,1200.0,30.0,0.0
S4,continuous,D,10,39,151,landing,1289.19663772691,1479.19663772691,190.0,0.0
S4,continuous,D,15,40,26,takeoff,1200.0,1230.0,30.0,0.0
S4,continuous,D,4,40,26,landing,1302.0405945218693,1492.0405945218693,190.0,0.0
S4,continuous,D,4,41,126,takeoff,1230.0,1260.0,30.0,0.0
S4,continuous,D,29,41,126,landing,1390.1480638522037,1580.1480638522037,190.0,20.490751735533877
S4,continuous,D,8,42,176,takeoff,1260.0,1290.0,30.0,0.0
S4,continuous,D,22,42,176,landing,1381.942679405903,1571.942679405903,190.0,0.0
S4,continuous,D,21,43,120,takeoff,1290.0,1320.0,30.0,0.0
S4,continuous,D,17,43,120,landing,1436.6234640570315,1626.6234640570315,190.0,0.0
S4,continuous,D,3,44,151,takeoff,1320.0,1350.0,30.0,0.0
S4,continuous,D,12,44,151,landing,1437.7835060482491,1627.7835060482491,190.0,0.0
S4,continuous,D,19,45,115,takeoff,1350.0,1380.0,30.0,0.0
S4,continuous,D,13,45,115,landing,1455.0387434204752,1645.0387434204752,190.0,0.0
S4,continuous,D,31,46,100,takeoff,1440.0,1470.0,30.0,0.0
S4,continuous,D,7,46,100,landing,1572.6470607209276,1762.6470607209276,190.0,0.0
S4,continuous,D,8,47,170,takeoff,1410.0,1440.0,30.0,0.0
S4,continuous,D,12,47,170,landing,1627.7835060482491,1817.7835060482491,190.0,87.23103064224938
S4,continuous,D,6,48,183,takeoff,1440.0,1470.0,30.0,0.0
S4,continuous,D,19,48,183,landing,1510.8885166107798,1700.8885166107798,190.0,0.0
S4,continuous,D,19,49,195,takeoff,1700.8885166107798,1730.8885166107798,30.0,170.8885166107798
S4,continuous,D,29,49,195,landing,1802.7727366002273,1992.7727366002273,190.0,0.0
S4,continuous,D,7,50,107,takeoff,1762.6470607209276,1792.6470607209276,30.0,262.6470607209276
S4,continuous,D,6,50,107,landing,1836.732538020566,2026.732538020566,190.0,0.0
S4,continuous,D,1,51,79,takeoff,1530.0,1560.0,30.0,0.0
S4,continuous,D,28,51,79,landing,1611.6058675317477,1801.6058675317477,190.0,0.0
S4,continuous,D,30,52,11,takeoff,1560.0,1590.0,30.0,0.0
S4,continuous,D,15,52,11,landing,1672.9614918236105,1862.9614918236105,190.0,0.0
S4,continuous,D,15,53,74,takeoff,1590.0,1620.0,30.0,0.0
S4,continuous,D,10,53,74,landing,1691.8283689942562,1881.8283689942562,190.0,0.0
S4,continuous,D,28,54,131,takeoff,1801.6058675317477,1831.6058675317477,30.0,181.60586753174766
S4,continuous,D,29,54,131,landing,1992.7727366002273,2182.7727366002273,190.0,91.12953129222524
S4,continuous,D,26,55,14,takeoff,1650.0,1680.0,30.0,0.0
S4,continuous,D,31,55,14,landing,1682.0069209010317,1872.0069209010317,190.0,0.0
S4,continuous,D,21,56,144,takeoff,1680.0,1710.0,30.0,0.0
S4,continuous,D,28,56,144,landing,1912.5496579843018,2102.549657984302,190.00000000000023,0.0
S4,continuous,D,5,57,9,takeoff,1710.0,1740.0,30.0,0.0
S4,continuous,D,9,57,9,landing,1779.2067953567591,1969.2067953567591,190.0,0.0
S4,continuous,D,8,58,148,takeoff,1740.0,1770.0,30.0,0.0
S4,continuous,D,13,58,148,landing,1886.993114854172,2076.993114854172,189.99999999999977,0.0
S4,continuous,D,0,59,183,takeoff,1770.0,1800.0,30.0,0.0
S4,continuous,D,31,59,183,landing,1872.0069209010317,2062.0069209010317,190.0,10.761564173203169
S4,continuous,D,17,60,14,takeoff,1800.0,1830.0,30.0,0.0
S4,continuous,D,13,60,14,landing,2076.993114854172,2266.993114854172,190.0,195.1102987652614
S4,continuous,D,20,61,54,takeoff,1830.0,1860.0,30.0,0.0
S4,continuous,D,15,61,54,landing,1890.7293878564435,2080.7293878564433,189.99999999999977,0.0
S4,continuous,D,16,62,117,takeoff,1860.0,1890.0,30.0,0.0
S4,continuous,D,7,62,117,landing,1948.206060806692,2138.206060806692,190.00000000000023,0.0
S4,continuous,D,9,63,98,takeoff,1969.2067953567591,1999.2067953567591,30.0,79.20679535675913
S4,continuous,D,27,63,98,landing,2100.026667408743,2290.026667408743,190.0,0.0
S4,continuous,D,13,64,32,takeoff,2266.993114854172,2296.993114854172,30.0,346.99311485417184
S4,continuous,D,0,64,32,landing,2394.520793399402,2584.520793399402,190.0,0.0
S4,continuous,D,14,65,43,takeoff,1950.0,1980.0,30.0,0.0
S4,continuous,D,13,65,43,landing,2296.993114854172,2486.993114854172,190.0,209.26413548033725
S4,continuous,D,13,66,81,takeoff,2486.993114854172,2516.993114854172,30.0,506.99311485417184
S4,continuous,D,22,66,81,landing,2523.064361833858,2713.064361833858,190.0,0.0
S4,continuous,D,22,67,86,takeoff,2010.0,2040.0,30.0,0.0
S4,continuous,D,12,67,86,landing,2105.467227260466,2295.467227260466,190.0,0.0
S4,continuous,D,6,68,88,takeoff,2040.0,2070.0,30.0,0.0
S4,continuous,D,24,68,88,landing,2209.0088710622854,2399.0088710622854,190.0,0.0
S4,continuous,D,17,69,105,takeoff,2070.0,2100.0,30.0,0.0
S4,continuous,D,31,69,105,landing,2114.1837750152663,2304.1837750152663,190.0,0.0
S4,continuous,D,25,70,136,takeoff,2100.0,2130.0,30.0,0.0
S4,continuous,D,18,70,136,landing,2181.804246188304,2371.804246188304,190.0,0.0
S4,continuous,D,16,71,199,takeoff,2130.0,2160.0,30.0,0.0
S4,continuous,D,27,71,199,landing,2290.026667408743,2480.026667408743,190.0,111.90475803689924
S4,continuous,D,25,72,191,takeoff,2160.0,2190.0,30.0,0.0
S4,continuous,D,17,72,191,landing,2246.7471400252984,2436.7471400252984,190.0,0.0
S4,continuous,D,9,73,54,takeoff,2190.0,2220.0,30.0,0.0
S4,continuous,D,12,73,54,landing,2295.467227260466,2485.467227260466,190.0,6.479669133938842
S4,continuous,D,11,74,186,takeoff,2220.0,2250.0,30.0,0.0
S4,continuous,D,22,74,186,landing,2290.129303448233,2480.129303448233,190.0,0.0
S4,continuous,D,21,75,138,takeoff,2250.0,2280.0,30.0,0.0
S4,continuous,D,14,75,138,landing,2380.9068193508588,2570.9068193508588,190.0,0.0
S4,continuous,D,17,76,101,takeoff,2436.7471400252984,2466.7471400252984,30.0,156.74714002529845
S4,continuous,D,13,76,101,landing,2516.993114854172,2706.993114854172,190.0,18.363158739962728
S4,continuous,D,4,77,1,takeoff,2310.0,2340.0,30.0,0.0
S4,continuous,D,12,77,1,landing,2485.467227260466,2675.467227260466,190.0,39.81373516645135
S4,continuous,D,12,78,44,takeoff,2675.467227260466,2705.467227260466,30.0,335.4672272604662
S4,continuous,D,25,78,44,landing,2791.424357452831,2981.424357452831,190.0,0.0
S4,continuous,D,19,79,166,takeoff,2370.0,2400.0,30.0,0.0
S4,continuous,D,28,79,166,landing,2508.5190912281687,2698.5190912281687,190.0,0.0
S4,continuous,D,8,80,128,takeoff,2400.0,2430.0,30.0,0.0
S4,continuous,D,14,80,128,landing,2570.9068193508588,2760.9068193508588,190.0,48.444581725120315
S4,continuous,D,18,81,32,takeoff,2430.0,2460.0,30.0,0.0
S4,continuous,D,20,81,32,landing,2482.2287453744902,2672.2287453744902,190.0,0.0
S4,continuous,D,24,82,46,takeoff,2460.0,2490.0,30.0,0.0
S4,continuous,D,26,82,46,landing,2519.881448844299,2709.881448844299,190.0,0.0
S4,continuous,D,20,83,91,takeoff,2672.2287453744902,2702.2287453744902,30.0,182.22874537449025
S4,continuous,D,23,83,91,landing,2750.621476455312,2940.621476455312,190.0,0.0
S4,continuous,D,19,84,66,takeoff,2520.0,2550.0,30.0,0.0
S4,continuous,D,8,84,66,landing,2598.87250303427,2788.87250303427,190.0,0.0
S4,continuous,D,9,85,181,takeoff,2550.0,2580.0,30.0,0.0
S4,continuous,D,22,85,181,landing,2713.064361833858,2903.064361833858,190.0,57.780781184230364
S4,continuous,D,30,86,118,takeoff,2580.0,2610.0,30.0,0.0
S4,continuous,D,0,86,118,landing,2693.417670821471,2883.417670821471,190.0,0.0
S4,continuous,D,11,87,116,takeoff,2610.0,2640.0,30.0,0.0
S4,continuous,D,9,87,116,landing,2787.0714204892215,2977.0714204892215,190.0,0.0
S4,continuous,D,10,88,77,takeoff,2640.0,2670.0,30.0,0.0
S4,continuous,D,1,88,77,landing,2775.6429451907047,2965.6429451907047,190.0,0.0
S4,continuous,D,17,89,124,takeoff,2670.0,2700.0,30.0,0.0
S4,continuous,D,4,89,124,landing,2778.42793869419,2968.42793869419,190.0,0.0
S4,continuous,D,14,90,61,takeoff,2760.9068193508588,2790.9068193508588,30.0,60.90681935085877
S4,continuous,D,29,90,61,landing,2856.456793382311,3046.456793382311,190.0,0.0
S4,continuous,D,30,91,155,takeoff,2730.0,2760.0,30.0,0.0
S4,continuous,D,9,91,155,landing,2977.0714204892215,3167.0714204892215,190.0,123.94823302280156
S4,continuous,D,5,92,130,takeoff,2760.0,2790.0,30.0,0.0
S4,continuous,D,7,92,130,landing,2811.7953518520144,3001.7953518520144,190.0,0.0
S4,continuous,D,14,93,23,takeoff,2790.9068193508588,2820.9068193508588,30.0,0.9068193508587683
S4,continuous,D,30,93,23,landing,2880.6439573299185,3070.6439573299185,190.0,0.0
S4,continuous,D,4,94,25,takeoff,2968.42793869419,2998.42793869419,30.0,148.42793869418983
S4,continuous,D,28,94,25,landing,3103.454902450335,3293.454902450335,190.0,0.0
S4,continuous,D,26,95,12,takeoff,2850.0,2880.0,30.0,0.0
S4,continuous,D,5,95,12,landing,2942.5512398365117,3132.5512398365117,190.0,0.0
S4,continuous,D,6,96,22,takeoff,2880.0,2910.0,30.0,0.0
S4,continuous,D,3,96,22,landing,2987.1105396386056,3177.1105396386056,190.0,0.0
S4,continuous,D,3,97,69,takeoff,2910.0,2940.0,30.0,0.0
S4,continuous,D,21,97,69,landing,3019.2186378918027,3209.2186378918027,190.0,0.0
S4,continuous,D,26,98,55,takeoff,2940.0,2970.0,30.0,0.0
S4,continuous,D,19,98,55,landing,3031.215262221027,3221.215262221027,190.0,0.0
S4,continuous,D,26,99,21,takeoff,2970.0,3000.0,30.0,0.0
S4,continuous,D,21,99,21,landing,3209.2186378918027,3399.2186378918027,190.0,115.02383746372834
S4,continuous,D,22,100,104,takeoff,3000.0,3030.0,30.0,0.0
S4,continuous,D,14,100,104,landing,3099.3577224290866,3289.3577224290866,190.0,0.0
S4,continuous,D,25,101,111,takeoff,3030.0,3060.0,30.0,0.0
S4,continuous,D,30,101,111,landing,3119.4859685649653,3309.4859685649653,190.0,0.0
S4,continuous,D,29,102,129,takeoff,3060.0,3090.0,30.0,0.0
S4,continuous,D,2,102,129,landing,3179.539582589361,3369.539582589361,190.0,0.0
S4,continuous,D,23,103,112,takeoff,3090.0,3120.0,30.0,0.0
S4,continuous,D,21,103,112,landing,3399.2186378918027,3589.2186378918027,190.0,163.04872424443784
S4,continuous,D,21,104,29,takeoff,3589.2186378918027,3619.2186378918027,30.0,469.2186378918027
S4,continuous,D,29,104,29,landing,3715.6102955080364,3905.6102955080364,190.0,0.0
S4,continuous,D,23,105,134,takeoff,3150.0,3180.0,30.0,0.0
S4,continuous,D,2,105,134,landing,3369.539582589361,3559.539582589361,190.0,99.62347880023708
S4,continuous,D,2,106,4,takeoff,3559.539582589361,3589.539582589361,30.0,379.5395825893611
S4,continuous,D,22,106,4,landing,3667.5663344567984,3857.5663344567984,190.0,0.0
S4,continuous,D,22,107,186,takeoff,3210.0,3240.0,30.0,0.0
S4,continuous,D,29,107,186,landing,3257.220489530772,3447.220489530772,190.0,0.0
S4,continuous,D,24,108,0,takeoff,3240.0,3270.0,30.0,0.0
S4,continuous,D,20,108,0,landing,3347.9163624865337,3537.9163624865337,190.0,0.0
S4,continuous,D,16,109,81,takeoff,3270.0,3300.0,30.0,0.0
S4,continuous,D,13,109,81,landing,3308.635645798668,3498.635645798668,190.0,0.0
S4,continuous,D,28,110,47,takeoff,3300.0,3330.0,30.0,0.0
S4,continuous,D,11,110,47,landing,3417.4129292484263,3607.4129292484263,190.0,0.0
S4,continuous,D,24,111,149,takeoff,3330.0,3360.0,30.0,0.0
S4,continuous,D,5,111,149,landing,3475.3206941643084,3665.3206941643084,190.0,0.0
S4,continuous,D,27,112,108,takeoff,3360.0,3390.0,30.0,0.0
S4,continuous,D,20,112,108,landing,3537.9163624865337,3727.9163624865337,190.0,76.62116894012433
S4,continuous,D,15,113,71,takeoff,3390.0,3420.0,30.0,0.0
S4,continuous,D,30,113,71,landing,3502.9614918236107,3692.9614918236107,190.0,0.0
S4,continuous,D,25,114,60,takeoff,3420.0,3450.0,30.0,0.0
S4,continuous,D,10,114,60,landing,3553.5129358053823,3743.5129358053823,190.0,0.0
S4,continuous,D,15,115,143,takeoff,3450.0,3480.0,30.0,0.0
S4,continuous,D,27,115,143,landing,3539.522194747289,3729.522194747289,190.0,0.0
S4,continuous,D,7,116,25,takeoff,3480.0,3510.0,30.0,0.0
S4,continuous,D,1,116,25,landing,3566.682208368186,3756.682208368186,190.0,0.0
S4,continuous,D,4,117,40,takeoff,3510.0,3540.0,30.0,0.0
S4,continuous,D,5,117,40,landing,3665.3206941643084,3855.3206941643084,190.0,49.99318427548451
S4,continuous,D,4,118,193,takeoff,3540.0,3570.0,30.0,0.0
S4,continuous,D,25,118,193,landing,3662.5273834599648,3852.5273834599648,190.0,0.0
S4,continuous,D,28,119,143,takeoff,3570.0,3600.0,30.0,0.0
S4,continuous,D,25,119,143,landing,3852.5273834599648,4042.5273834599648,190.0,149.76852661913517
S4,continuous,D,3,120,194,takeoff,3600.0,3630.0,30.0,0.0
S4,continuous,D,24,120,194,landing,3738.7876431603427,3928.7876431603427,190.0,0.0
S4,continuous,D,1,121,111,takeoff,3756.682208368186,3786.682208368186,30.0,126.68220836818591
S4,continuous,D,20,121,111,landing,3826.556106482744,4016.556106482744,190.0,0.0
S4,continuous,D,16,122,147,takeoff,3660.0,3690.0,30.0,0.0
S4,continuous,D,20,122,147,landing,4016.556106482744,4206.556106482743,189.99999999999955,275.05761597680385
S4,continuous,D,10,123,177,takeoff,3743.5129358053823,3773.5129358053823,30.0,53.51293580538231
S4,continuous,D,6,123,177,landing,3791.1353432551105,3981.1353432551105,190.0,0.0
S4,continuous,D,23,124,136,takeoff,3720.0,3750.0,30.0,0.0
S4,continuous,D,4,124,136,landing,3825.08961994529,4015.08961994529,190.0,0.0
S4,continuous,D,11,125,152,takeoff,3750.0,3780.0,30.0,0.0
S4,continuous,D,15,125,152,landing,3855.881650633358,4045.881650633358,190.0,0.0
S4,continuous,D,1,126,54,takeoff,3786.682208368186,3816.682208368186,30.0,6.682208368185911
S4,continuous,D,14,126,54,landing,3899.528431175381,4089.528431175381,190.0,0.0
S4,continuous,D,12,127,75,takeoff,3810.0,3840.0,30.0,0.0
S4,continuous,D,29,127,75,landing,3919.954204004252,4109.9542040042525,190.00000000000045,0.0
S4,continuous,D,30,128,16,takeoff,3840.0,3870.0,30.0,0.0
S4,continuous,D,3,128,16,landing,3934.6210417160064,4124.621041716006,190.0,0.0
S4,continuous,D,5,129,156,takeoff,3870.0,3900.0,30.0,0.0
S4,continuous,D,25,129,156,landing,4042.5273834599648,4232.527383459965,190.0,67.68074824909172
S4,continuous,D,31,130,129,takeoff,3900.0,3930.0,30.0,0.0
S4,continuous,D,0,130,129,landing,3991.245356727828,4181.245356727828,190.0,0.0
S4,continuous,D,17,131,56,takeoff,3930.0,3960.0,30.0,0.0
S4,continuous,D,21,131,56,landing,4096.623464057032,4286.623464057032,190.0,0.0
S4,continuous,D,7,132,95,takeoff,3960.0,3990.0,30.0,0.0
S4,continuous,D,22,132,95,landing,4045.8259999947363,4235.825999994737,190.00000000000045,0.0
S4,continuous,D,24,133,35,takeoff,3990.0,4020.0,30.0,0.0
S4,continuous,D,25,133,35,landing,4232.527383459965,4422.527383459965,190.0,103.24502527539698
S4,continuous,D,14,134,174,takeoff,4089.528431175381,4119.52843117538,29.999999999999545,69.52843117538077
S4,continuous,D,28,134,174,landing,4236.490824526431,4426.490824526431,190.0,0.0
S4,continuous,D,18,135,96,takeoff,4050.0,4080.0,30.0,0.0
S4,continuous,D,12,135,96,landing,4137.030285186605,4327.030285186605,190.0,0.0
S4,continuous,D,15,136,10,takeoff,4080.0,4110.0,30.0,0.0
S4,continuous,D,19,136,10,landing,4158.48758748781,4348.48758748781,190.0,0.0
S4,continuous,D,28,137,89,takeoff,4110.0,4140.0,30.0,0.0
S4,continuous,D,24,137,89,landing,4211.2434153282165,4401.2434153282165,190.0,0.0
S4,continuous,D,29,138,24,takeoff,4140.0,4170.0,30.0,0.0
S4,continuous,D,23,138,24,landing,4205.936877816325,4395.936877816325,190.0,0.0
S4,continuous,D,19,139,22,takeoff,4348.48758748781,4378.48758748781,30.0,178.48758748780983
S4,continuous,D,21,139,22,landing,4418.101305230595,4608.101305230595,190.0,0.0
S4,continuous,D,25,140,128,takeoff,4422.527383459965,4452.527383459965,30.0,222.52738345996477
S4,continuous,D,12,140,128,landing,4538.484513652329,4728.484513652329,190.0,0.0
S4,continuous,D,12,141,109,takeoff,4327.030285186605,4357.030285186605,30.0,97.0302851866054
S4,continuous,D,17,141,109,landing,4442.981162695469,4632.981162695469,190.0,0.0
S4,continuous,D,15,142,140,takeoff,4260.0,4290.0,30.0,0.0
S4,continuous,D,20,142,140,landing,4320.729387856443,4510.729387856443,190.0,0.0
S4,continuous,D,31,143,141,takeoff,4290.0,4320.0,30.0,0.0
S4,continuous,D,18,143,141,landing,4319.438855295271,4509.438855295271,190.0,0.0
S4,continuous,D,24,144,2,takeoff,4401.2434153282165,4431.2434153282165,30.0,81.24341532821654
S4,continuous,D,31,144,2,landing,4477.934445111939,4667.934445111939,190.0,0.0
S4,continuous,D,1,145,46,takeoff,4350.0,4380.0,30.0,0.0
S4,continuous,D,7,145,46,landing,4436.682208368186,4626.682208368186,190.0,0.0
S4,continuous,D,23,146,81,takeoff,4395.936877816325,4425.936877816325,30.0,15.93687781632525
S4,continuous,D,16,146,81,landing,4456.083054170495,4646.083054170495,190.0,0.0
S4,continuous,D,20,147,181,takeoff,4510.729387856443,4540.729387856443,30.0,100.72938785644328
S4,continuous,D,14,147,181,landing,4600.061846490111,4790.061846490111,190.0,0.0
S4,continuous,D,13,148,175,takeoff,4440.0,4470.0,30.0,0.0
S4,continuous,D,26,148,175,landing,4485.19813334354,4675.19813334354,190.0,0.0
S4,continuous,D,18,149,170,takeoff,4509.438855295271,4539.438855295271,30.0,39.43885529527142
S4,continuous,D,24,149,170,landing,4570.485705850573,4760.485705850573,190.0,0.0
S4,continuous,D,4,150,83,takeoff,4500.0,4530.0,30.0,0.0
S4,continuous,D,7,150,83,landing,4626.682208368186,4816.682208368186,190.0,7.21506018636228
S4,continuous,D,18,151,142,takeoff,4539.438855295271,4569.438855295271,30.0,9.438855295271424
S4,continuous,D,6,151,142,landing,4652.871328966239,4842.871328966239,190.0,0.0
S4,continuous,D,30,152,138,takeoff,4560.0,4590.0,30.0,0.0
S4,continuous,D,24,152,138,landing,4760.485705850573,4950.485705850573,190.0,100.00150917101018
S4,continuous,D,3,153,8,takeoff,4590.0,4620.0,30.0,0.0
S4,continuous,D,13,153,8,landing,4676.932249026426,4866.932249026426,190.0,0.0
S4,continuous,D,1,154,87,takeoff,4620.0,4650.0,30.0,0.0
S4,continuous,D,21,154,87,landing,4760.019504822129,4950.019504822129,190.0,0.0
S4,continuous,D,16,155,197,takeoff,4650.0,4680.0,30.0,0.0
S4,continuous,D,9,155,197,landing,4757.807706184025,4947.807706184025,190.0,0.0
S4,continuous,D,29,156,158,takeoff,4680.0,4710.0,30.0,0.0
S4,continuous,D,16,156,158,landing,4712.1326027006,4902.1326027006,190.0,0.0
S4,continuous,D,3,157,70,takeoff,4710.0,4740.0,30.0,0.0
S4,continuous,D,20,157,70,landing,4793.314878929722,4983.314878929722,190.0,0.0
S4,continuous,D,12,158,75,takeoff,4740.0,4770.0,30.0,0.0
S4,continuous,D,3,158,75,landing,4857.783506048249,5047.783506048249,190.0,0.0
S4,continuous,D,25,159,52,takeoff,4770.0,4800.0,30.0,0.0
S4,continuous,D,24,159,52,landing,4950.485705850573,5140.485705850573,190.0,41.20334766600536
S4,continuous,D,7,160,157,takeoff,4816.682208368186,4846.682208368186,30.0,16.682208368186366
S4,continuous,D,0,160,157,landing,4907.169966029444,5097.169966029444,190.0,0.0
S4,continuous,D,12,161,16,takeoff,4830.0,4860.0,30.0,0.0
S4,continuous,D,6,161,16,landing,4911.865658339905,5101.865658339905,190.0,0.0
S4,continuous,D,23,162,139,takeoff,4860.0,4890.0,30.0,0.0
S4,continuous,D,21,162,139,landing,5006.169913647365,5196.169913647365,190.0,0.0
S4,continuous,D,5,163,172,takeoff,4890.0,4920.0,30.0,0.0
S4,continuous,D,12,163,172,landing,4976.181876065086,5166.181876065086,190.0,0.0
S4,continuous,D,28,164,76,takeoff,4920.0,4950.0,30.0,0.0
S4,continuous,D,26,164,76,landing,4975.377577023592,5165.377577023592,190.0,0.0
S4,continuous,D,27,165,124,takeoff,4950.0,4980.0,30.0,0.0
S4,continuous,D,1,165,124,landing,5038.399321462762,5228.399321462762,190.0,0.0
S4,continuous,D,7,166,157,takeoff,4980.0,5010.0,30.0,0.0
S4,continuous,D,11,166,157,landing,5098.291105117214,5288.291105117214,190.0,0.0
S4,continuous,D,29,167,72,takeoff,5010.0,5040.0,30.0,0.0
S4,continuous,D,13,167,72,landing,5051.083376244939,5241.083376244939,190.0,0.0
S4,continuous,D,30,168,123,takeoff,5040.0,5070.0,30.0,0.0
S4,continuous,D,22,168,123,landing,5123.7805311797065,5313.7805311797065,190.0,0.0
S4,continuous,D,8,169,36,takeoff,5070.0,5100.0,30.0,0.0
S4,continuous,D,30,169,36,landing,5226.5224502221845,5416.5224502221845,190.0,0.0
S4,continuous,D,9,170,5,takeoff,5100.0,5130.0,30.0,0.0
S4,continuous,D,10,170,5,landing,5212.937439832231,5402.937439832231,190.0,0.0
S4,continuous,D,31,171,161,takeoff,5130.0,5160.0,30.0,0.0
S4,continuous,D,24,171,161,landing,5197.070692834418,5387.070692834418,190.0,0.0
S4,continuous,D,28,172,84,takeoff,5160.0,5190.0,30.0,0.0
S4,continuous,D,30,172,84,landing,5416.5224502221845,5606.5224502221845,190.0,169.5660000298367
S4,continuous,D,28,173,147,takeoff,5190.0,5220.0,30.0,0.0
S4,continuous,D,9,173,147,landing,5348.383098876555,5538.383098876555,190.0,0.0
S4,continuous,D,7,174,171,takeoff,5220.0,5250.0,30.0,0.0
S4,continuous,D,18,174,171,landing,5309.719719045592,5499.719719045592,190.0,0.0
S4,continuous,D,31,175,10,takeoff,5250.0,5280.0,30.0,0.0
S4,continuous,D,10,175,10,landing,5402.937439832231,5592.937439832231,190.0,52.88987201617965
S4,continuous,D,8,176,3,takeoff,5280.0,5310.0,30.0,0.0
S4,continuous,D,0,176,3,landing,5421.877441814226,5611.877441814226,190.0,0.0
S4,continuous,D,30,177,71,takeoff,5606.5224502221845,5636.5224502221845,30.0,296.5224502221845
S4,continuous,D,31,177,71,landing,5666.717103300099,5856.717103300099,190.0,0.0
S4,continuous,D,26,178,66,takeoff,5340.0,5370.0,30.0,0.0
S4,continuous,D,14,178,66,landing,5420.026475234833,5610.026475234833,190.0,0.0
S4,continuous,D,14,179,87,takeoff,5610.026475234833,5640.026475234833,30.0,180.02647523483301
S4,continuous,D,28,179,87,landing,5756.988868585883,5946.988868585883,190.0,0.0
S4,continuous,D,12,180,47,takeoff,5400.0,5430.0,30.0,0.0
S4,continuous,D,6,180,47,landing,5481.865658339905,5671.865658339905,190.0,0.0
S4,continuous,D,31,181,117,takeoff,5430.0,5460.0,30.0,0.0
S4,continuous,D,28,181,117,landing,5510.395881224235,5700.395881224235,190.0,0.0
S4,continuous,D,19,182,190,takeoff,5460.0,5490.0,30.0,0.0
S4,continuous,D,23,182,190,landing,5574.596418671338,5764.596418671338,190.0,0.0
S4,continuous,D,22,183,27,takeoff,5490.0,5520.0,30.0,0.0
S4,continuous,D,23,183,27,landing,5764.596418671338,5954.596418671338,190.0,224.94035851378248
S4,continuous,D,0,184,50,takeoff,5611.877441814226,5641.877441814226,30.0,91.87744181422568
S4,continuous,D,5,184,50,landing,5706.201361983661,5896.201361983661,190.0,0.0
S4,continuous,D,6,185,176,takeoff,5671.865658339905,5701.865658339905,30.0,121.86565833990517
S4,continuous,D,17,185,176,landing,5810.808931536137,6000.808931536137,190.0,0.0
S4,continuous,D,3,186,78,takeoff,5580.0,5610.0,30.0,0.0
S4,continuous,D,5,186,78,landing,5896.201361983661,6086.201361983661,190.0,226.6541908492236
S4,continuous,D,0,187,66,takeoff,5641.877441814226,5671.877441814226,30.0,31.877441814225676
S4,continuous,D,26,187,66,landing,5748.347564518374,5938.347564518374,190.0,0.0
S4,continuous,D,31,188,99,takeoff,5856.717103300099,5886.717103300099,30.0,216.71710330009864
S4,continuous,D,0,188,99,landing,5947.962460027928,6137.962460027928,190.0,0.0
S4,continuous,D,20,189,0,takeoff,5670.0,5700.0,30.0,0.0
S4,continuous,D,8,189,0,landing,5776.8882150736445,5966.8882150736445,190.0,0.0
S4,continuous,D,17,190,91,takeoff,5700.0,5730.0,30.0,0.0
S4,continuous,D,1,190,91,landing,5774.141469845284,5964.141469845284,190.0,0.0
S4,continuous,D,2,191,86,takeoff,5730.0,5760.0,30.0,0.0
S4,continuous,D,14,191,86,landing,5845.306451622276,6035.306451622276,190.0,0.0
S4,continuous,D,14,192,96,takeoff,5760.0,5790.0,30.0,0.0
S4,continuous,D,25,192,96,landing,5859.925846150446,6049.925846150446,190.0,0.0
S4,continuous,D,22,193,171,takeoff,5790.0,5820.0,30.0,0.0
S4,continuous,D,11,193,171,landing,5859.133810592786,6049.133810592786,190.0,0.0
S4,continuous,D,15,194,65,takeoff,5820.0,5850.0,30.0,0.0
S4,continuous,D,23,194,65,landing,5954.596418671338,6144.596418671338,190.0,48.87440348569908
S4,continuous,D,8,195,80,takeoff,5966.8882150736445,5996.8882150736445,30.0,116.88821507364446
S4,continuous,D,4,195,80,landing,6105.878892234798,6295.878892234798,190.0,0.0
S4,continuous,D,15,196,148,takeoff,5880.0,5910.0,30.0,0.0
S4,continuous,D,24,196,148,landing,6021.029951226238,6211.029951226238,190.0,0.0
S4,continuous,D,24,197,66,takeoff,5910.0,5940.0,30.0,0.0
S4,continuous,D,15,197,66,landing,6051.029951226238,6241.029951226238,190.0,0.0
S4,continuous,D,19,198,156,takeoff,5940.0,5970.0,30.0,0.0
S4,continuous,D,26,198,156,landing,6031.215262221027,6221.215262221027,190.0,0.0
S4,continuous,D,6,199,122,takeoff,5970.0,6000.0,30.0,0.0
S4,continuous,D,5,199,122,landing,6086.201361983661,6276.201361983661,190.0,44.268838420523025
S4,continuous,D,7,200,171,takeoff,6000.0,6030.0,30.0,0.0
S4,continuous,D,9,200,171,landing,6067.569120311718,6257.569120311718,190.0,0.0
S4,continuous,D,6,201,7,takeoff,6030.0,6060.0,30.0,0.0
S4,continuous,D,22,201,7,landing,6132.254859931688,6322.254859931688,190.0,0.0
S4,continuous,D,28,202,5,takeoff,6060.0,6090.0,30.0,0.0
S4,continuous,D,12,202,5,landing,6195.120760339578,6385.120760339578,190.0,0.0
S4,continuous,D,2,203,153,takeoff,6090.0,6120.0,30.0,0.0
S4,continuous,D,24,203,153,landing,6227.513750319961,6417.513750319961,190.0,0.0
S4,continuous,D,6,204,85,takeoff,6120.0,6150.0,30.0,0.0
S4,continuous,D,9,204,85,landing,6257.569120311718,6447.569120311718,190.0,27.345313815127156
S4,continuous,D,7,205,50,takeoff,6150.0,6180.0,30.0,0.0
S4,continuous,D,18,205,50,landing,6239.719719045592,6429.719719045592,190.0,0.0
S4,continuous,D,28,206,169,takeoff,6180.0,6210.0,30.0,0.0
S4,continuous,D,6,206,169,landing,6344.155090129257,6534.155090129257,190.0,0.0
S4,continuous,D,6,207,117,takeoff,6210.0,6240.0,30.0,0.0
S4,continuous,D,24,207,117,landing,6417.513750319961,6607.513750319961,190.0,38.50487925767629
S4,continuous,D,11,208,168,takeoff,6240.0,6270.0,30.0,0.0
S4,continuous,D,26,208,168,landing,6304.565313152287,6494.565313152287,190.0,0.0
S4,continuous,D,28,209,41,takeoff,6270.0,6300.0,30.0,0.0
S4,continuous,D,19,209,41,landing,6408.51909122817,6598.51909122817,190.0,0.0
S4,continuous,D,22,210,176,takeoff,6322.254859931688,6352.254859931688,30.0,22.25485993168786
S4,continuous,D,7,210,176,landing,6408.080859926425,6598.080859926425,190.0,0.0
S4,continuous,D,13,211,112,takeoff,6330.0,6360.0,30.0,0.0
S4,continuous,D,16,211,112,landing,6378.523201703599,6568.523201703599,190.0,0.0
S4,continuous,D,19,212,57,takeoff,6360.0,6390.0,30.0,0.0
S4,continuous,D,31,212,57,landing,6431.266972593179,6621.266972593179,190.0,0.0
S4,continuous,D,9,213,70,takeoff,6447.569120311718,6477.569120311718,30.0,57.5691203117176
S4,continuous,D,1,213,70,landing,6572.403764001531,6762.403764001531,190.0,0.0
S4,continuous,D,3,214,30,takeoff,6420.0,6450.0,30.0,0.0
S4,continuous,D,28,214,30,landing,6551.700441332075,6741.700441332075,190.0,0.0
S4,continuous,D,23,215,11,takeoff,6450.0,6480.0,30.0,0.0
S4,continuous,D,5,215,11,landing,6565.238523615423,6755.238523615423,190.0,0.0
S4,continuous,D,1,216,80,takeoff,6480.0,6510.0,30.0,0.0
S4,continuous,D,15,216,80,landing,6581.470613941116,6771.470613941116,190.0,0.0
S4,continuous,D,7,217,98,takeoff,6598.080859926425,6628.080859926425,30.0,88.08085992642464
S4,continuous,D,6,217,98,landing,6672.166337226063,6862.166337226063,190.0,0.0
S4,continuous,D,24,218,100,takeoff,6607.513750319961,6637.513750319961,30.0,67.51375031996122
S4,continuous,D,9,218,100,landing,6768.983972243772,6958.983972243772,190.0,0.0
S4,continuous,D,19,219,140,takeoff,6598.51909122817,6628.51909122817,30.0,28.5190912281696
S4,continuous,D,30,219,140,landing,6681.409060265396,6871.409060265396,190.0,0.0
S4,continuous,D,12,220,153,takeoff,6600.0,6630.0,30.0,0.0
S4,continuous,D,6,220,153,landing,6862.166337226063,7052.166337226063,190.0,180.30067888615758
S4,continuous,D,18,221,13,takeoff,6630.0,6660.0,30.0,0.0
S4,continuous,D,26,221,13,landing,6643.483902485096,6833.483902485096,190.0,0.0
S4,continuous,D,11,222,178,takeoff,6660.0,6690.0,30.0,0.0
S4,continuous,D,31,222,178,landing,6726.051958637593,6916.051958637593,190.0,0.0
S4,continuous,D,28,223,130,takeoff,6741.700441332075,6771.700441332075,30.0,51.70044133207466
S4,continuous,D,19,223,130,landing,6880.219532560244,7070.219532560244,190.0,0.0
S4,continuous,D,8,224,17,takeoff,6720.0,6750.0,30.0,0.0
S4,continuous,D,0,224,17,landing,6861.877441814226,7051.877441814226,190.0,0.0
S4,continuous,D,28,225,188,takeoff,6771.700441332075,6801.700441332075,30.0,21.70044133207466
S4,continuous,D,14,225,188,landing,6918.662834683125,7108.662834683125,190.0,0.0
S4,continuous,D,14,226,50,takeoff,6840.0,6870.0,30.0,0.0
S4,continuous,D,20,226,50,landing,6929.332458633668,7119.332458633668,190.0,0.0
S4,continuous,D,12,227,82,takeoff,6810.0,6840.0,30.0,0.0
S4,continuous,D,0,227,82,landing,7051.877441814226,7241.877441814226,190.0,141.42108029205247
S4,continuous,D,1,228,37,takeoff,6840.0,6870.0,30.0,0.0
S4,continuous,D,9,228,37,landing,6964.834643689814,7154.834643689814,190.0,0.0
S4,continuous,D,4,229,44,takeoff,6870.0,6900.0,30.0,0.0
S4,continuous,D,18,229,44,landing,6974.386142450838,7164.386142450838,190.0,0.0
S4,continuous,D,10,230,167,takeoff,6900.0,6930.0,30.0,0.0
S4,continuous,D,23,230,167,landing,7043.801097774777,7233.801097774777,190.0,0.0
S4,continuous,D,31,231,78,takeoff,6930.0,6960.0,30.0,0.0
S4,continuous,D,27,231,78,landing,6989.388217799269,7179.388217799269,190.0,0.0
S4,continuous,D,11,232,87,takeoff,6960.0,6990.0,30.0,0.0
S4,continuous,D,15,232,87,landing,7065.881650633357,7255.881650633357,190.0,0.0
S4,continuous,D,24,233,175,takeoff,6990.0,7020.0,30.0,0.0
S4,continuous,D,14,233,175,landing,7118.81595793648,7308.81595793648,190.0,0.0
S4,continuous,D,24,234,94,takeoff,7020.0,7050.0,30.0,0.0
S4,continuous,D,7,234,94,landing,7163.639467694634,7353.639467694634,190.0,0.0
S4,continuous,D,8,235,30,takeoff,7050.0,7080.0,30.0,0.0
S4,continuous,D,2,235,30,landing,7214.214499234559,7404.214499234559,190.0,0.0
S4,continuous,D,13,236,33,takeoff,7080.0,7110.0,30.0,0.0
S4,continuous,D,16,236,33,landing,7128.523201703599,7318.523201703599,190.0,0.0
S4,continuous,D,17,237,61,takeoff,7110.0,7140.0,30.0,0.0
S4,continuous,D,27,237,61,landing,7206.176137899771,7396.176137899771,190.0,0.0
S4,continuous,D,28,238,145,takeoff,7140.0,7170.0,30.0,0.0
S4,continuous,D,31,238,145,landing,7220.395881224235,7410.395881224235,190.0,0.0
S4,continuous,D,10,239,21,takeoff,7170.0,7200.0,30.0,0.0
S4,continuous,D,24,239,21,landing,7342.951491020937,7532.951491020937,190.0,0.0
