scenario_id,sweep,model,aircraft_count,speed_kmh,speed_mps,building_density,building_count,vertiport_count,actual_vertiport_count,safety_distance_m,safety_label,pad_occupancy_enabled,weather,total_flights,success_flights,failed_flights,building_risk_count,building_collision_count,aircraft_collision_count,aircraft_conflict_sample_count,collision_risk_count,avg_flight_distance_m,avg_flight_time_s,avg_delay_s,avg_takeoff_pad_delay_s,avg_landing_pad_delay_s,avg_pad_delay_s,max_pad_delay_s,pad_wait_flight_count,avg_detour_distance_m,avg_altitude_changes,avg_path_changes,scenario_name,description,map_width,map_height,grid_size,road_width,fleet_size,duration_s,mission_interval_s,generated_missions,completed_within_duration,completed_after_duration,active_vehicle_count,avg_missions_per_active_vehicle,max_missions_per_vehicle,run_id,cycle,run_seed,wallclock_model
S1,continuous,A,75,240.0,66.66666666666667,0.35,319,8,8,152.4,500ft,False,disabled,1080,81,999,1209,1209,1039,1188,2248,881.9042040365678,49.32890530422875,0.0,0.0,0.0,0.0,0.0,0,0.0,0.0,0.0,S1,소형 고혼잡 도시 시나리오,1500,1500,50,10,75,10800,10,1080,1075,5,75,14.4,24,S1_cycle0000_A_seed1000,0,1000,A
S1,continuous,B,75,240.0,66.66666666666667,0.35,324,8,8,152.4,500ft,False,disabled,1080,149,931,33,0,1095,1402,1095,1240.5553814247864,82.47314586612119,0.0,0.0,0.0,0.0,0.0,0,0.08764132153948,0.5416666666666666,0.0305555555555555,S1,소형 고혼잡 도시 시나리오,1500,1500,50,10,75,10800,10,1080,1073,7,75,14.4,23,S1_cycle0000_B_seed1001,0,1001,B
S1,continuous,C,75,240.0,66.66666666666667,0.35,313,8,8,152.4,500ft,False,disabled,1080,173,907,794,794,583,583,1377,1188.270810167499,87.412126183201,69.72222222222223,0.0,0.0,0.0,0.0,0,0.0,0.3472222222222222,0.0,S1,소형 고혼잡 도시 시나리오,1500,1500,50,10,75,10800,10,1080,1064,16,75,14.4,23,S1_cycle0000_C_seed1002,0,1002,C
S1,continuous,D,75,240.0,66.66666666666667,0.35,336,8,8,152.4,500ft,False,disabled,1080,172,908,50,11,903,929,914,1213.475151023878,112.12903025185996,124.55555555555556,0.0,0.0,0.0,0.0,0,0.0725311868186738,0.7787037037037037,0.0342592592592592,S1,소형 고혼잡 도시 시나리오,1500,1500,50,10,75,10800,10,1080,1054,26,75,14.4,21,S1_cycle0000_D_seed1003,0,1003,D
S1,continuous,E,75,240.0,66.66666666666667,0.35,333,8,8,152.4,500ft,True,disabled,1080,212,868,8,8,2538,50624,2546,1251.132970344555,882.9550944747077,1281.9219819374664,1256.3108708263558,761.2585270860096,2017.569397912362,4704.55821819499,1070,0.0017532319413925,0.8083333333333333,0.0064814814814814,S1,소형 고혼잡 도시 시나리오,1500,1500,50,10,75,10800,10,1080,359,721,75,14.4,18,S1_cycle0000_E_seed1004,0,1004,E
S1,continuous,A,75,240.0,66.66666666666667,0.35,330,8,8,152.4,500ft,False,disabled,1080,29,1051,1479,1479,909,1149,2388,1165.7976126699507,68.34978778967836,0.0,0.0,0.0,0.0,0.0,0,0.0,0.0,0.0,S1,소형 고혼잡 도시 시나리오,1500,1500,50,10,75,10800,10,1080,1073,7,75,14.4,22,S1_cycle0001_A_seed1100,1,1100,A
S1,continuous,B,75,240.0,66.66666666666667,0.35,310,8,8,152.4,500ft,False,disabled,1080,106,974,67,0,1228,1621,1228,1135.8167043882434,89.37780125749639,0.0,0.0,0.0,0.0,0.0,0,0.1406134536176229,0.6657407407407407,0.062037037037037,S1,소형 고혼잡 도시 시나리오,1500,1500,50,10,75,10800,10,1080,1074,6,75,14.4,25,S1_cycle0001_B_seed1101,1,1101,B
S1,continuous,C,75,240.0,66.66666666666667,0.35,319,8,8,152.4,500ft,False,disabled,1080,151,929,448,448,737,747,1185,1130.5567559205588,95.3162322941356,113.72222222222224,0.0,0.0,0.0,0.0,0,0.0,0.4,0.0,S1,소형 고혼잡 도시 시나리오,1500,1500,50,10,75,10800,10,1080,1059,21,75,14.4,22,S1_cycle0001_C_seed1102,1,1102,C
S1,continuous,D,75,240.0,66.66666666666667,0.35,309,8,8,152.4,500ft,False,disabled,1080,265,815,27,2,704,707,706,1213.8827615039097,102.87962773179127,93.33333333333331,0.0,0.0,0.0,0.0,0,0.0220739381000358,0.7351851851851852,0.025,S1,소형 고혼잡 도시 시나리오,1500,1500,50,10,75,10800,10,1080,1062,18,75,14.4,23,S1_cycle0001_D_seed1103,1,1103,D
S1,continuous,E,75,240.0,66.66666666666667,0.35,313,8,8,152.4,500ft,True,disabled,1080,164,916,17,17,2773,41965,2790,1293.153066132506,853.1322211825815,1340.179459856377,1311.8461265230435,727.6021994207814,2039.4483259438227,3785.4623408900698,1071,0.0081415400392068,0.7509259259259259,0.0129629629629629,S1,소형 고혼잡 도시 시나리오,1500,1500,50,10,75,10800,10,1080,353,727,75,14.4,19,S1_cycle0001_E_seed1104,1,1104,E
S1,continuous,A,75,240.0,66.66666666666667,0.35,323,8,8,152.4,500ft,False,disabled,1080,67,1013,1061,1061,1159,1453,2220,1064.1841946231796,70.75887493070927,0.0,0.0,0.0,0.0,0.0,0,0.0,0.0,0.0,S1,소형 고혼잡 도시 시나리오,1500,1500,50,10,75,10800,10,1080,1074,6,75,14.4,22,S1_cycle0002_A_seed1200,2,1200,A
S1,continuous,B,75,240.0,66.66666666666667,0.35,312,8,8,152.4,500ft,False,disabled,1080,129,951,44,0,1106,1431,1106,1116.862330561194,84.98856708931287,0.0,0.0,0.0,0.0,0.0,0,0.039310040611218,0.6351851851851852,0.0407407407407407,S1,소형 고혼잡 도시 시나리오,1500,1500,50,10,75,10800,10,1080,1072,8,75,14.4,22,S1_cycle0002_B_seed1201,2,1201,B
S1,continuous,C,75,240.0,66.66666666666667,0.35,326,8,8,152.4,500ft,False,disabled,1080,178,902,933,933,561,564,1494,1106.1409023978697,77.71244849094336,67.77777777777777,0.0,0.0,0.0,0.0,0,0.0,0.2972222222222222,0.0,S1,소형 고혼잡 도시 시나리오,1500,1500,50,10,75,10800,10,1080,1061,19,75,14.4,23,S1_cycle0002_C_seed1202,2,1202,C
S1,continuous,D,75,240.0,66.66666666666667,0.35,342,8,8,152.4,500ft,False,disabled,1080,224,856,29,0,778,783,778,1079.762531039852,100.27153346480344,116.33333333333331,0.0,0.0,0.0,0.0,0,0.0775366569233181,0.8157407407407408,0.0268518518518518,S1,소형 고혼잡 도시 시나리오,1500,1500,50,10,75,10800,10,1080,1057,23,75,14.4,26,S1_cycle0002_D_seed1203,2,1203,D
S1,continuous,E,75,240.0,66.66666666666667,0.35,318,8,8,152.4,500ft,True,disabled,1080,261,819,46,9,1541,24785,1550,1529.4023359825494,787.3397776659664,1344.054655203411,1326.4435440923005,647.7953598334914,1974.2389039257916,3692.8296470321575,1074,0.0284630530814016,0.8361111111111111,0.0388888888888888,S1,소형 고혼잡 도시 시나리오,1500,1500,50,10,75,10800,10,1080,357,723,75,14.4,17,S1_cycle0002_E_seed1204,2,1204,E
S1,continuous,A,75,240.0,66.66666666666667,0.35,317,8,8,152.4,500ft,False,disabled,1080,69,1011,1172,1172,1075,1398,2247,1165.6658917389946,80.45145000373762,0.0,0.0,0.0,0.0,0.0,0,0.0,0.0,0.0,S1,소형 고혼잡 도시 시나리오,1500,1500,50,10,75,10800,10,1080,1072,8,75,14.4,22,S1_cycle0003_A_seed1300,3,1300,A
S1,continuous,B,75,240.0,66.66666666666667,0.35,312,8,8,152.4,500ft,False,disabled,1080,114,966,172,0,1278,1611,1278,1108.809613347193,72.71091094220485,0.0,0.0,0.0,0.0,0.0,0,0.1983942016149235,0.5185185185185185,0.1148148148148148,S1,소형 고혼잡 도시 시나리오,1500,1500,50,10,75,10800,10,1080,1073,7,75,14.4,22,S1_cycle0003_B_seed1301,3,1301,B
S1,continuous,C,75,240.0,66.66666666666667,0.35,326,8,8,152.4,500ft,False,disabled,1080,149,931,745,745,615,617,1360,1250.7072496949625,86.63545342922053,92.5,0.0,0.0,0.0,0.0,0,0.0,0.3638888888888889,0.0,S1,소형 고혼잡 도시 시나리오,1500,1500,50,10,75,10800,10,1080,1063,17,75,14.4,25,S1_cycle0003_C_seed1302,3,1302,C
S1,continuous,D,75,240.0,66.66666666666667,0.35,301,8,8,152.4,500ft,False,disabled,1080,141,939,41,2,1072,1153,1074,1179.7645394216222,119.78106667838676,141.22222222222223,0.0,0.0,0.0,0.0,0,0.0282774233511969,0.6518518518518519,0.0379629629629629,S1,소형 고혼잡 도시 시나리오,1500,1500,50,10,75,10800,10,1080,1055,25,75,14.4,21,S1_cycle0003_D_seed1303,3,1303,D
S1,continuous,E,75,240.0,66.66666666666667,0.35,296,8,8,152.4,500ft,True,disabled,1080,399,681,34,20,2062,65312,2082,1192.049245331054,890.2067659755166,1323.6483378861,1301.426115663878,788.9503986088265,2090.3765142727007,4587.530204686078,1065,0.0344116982465746,0.8472222222222222,0.0259259259259259,S1,소형 고혼잡 도시 시나리오,1500,1500,50,10,75,10800,10,1080,349,731,75,14.4,19,S1_cycle0003_E_seed1304,3,1304,E
S1,continuous,A,75,240.0,66.66666666666667,0.35,323,8,8,152.4,500ft,False,disabled,1080,92,988,908,908,827,992,1735,979.1891095004788,54.43598796513239,0.0,0.0,0.0,0.0,0.0,0,0.0,0.0,0.0,S1,소형 고혼잡 도시 시나리오,1500,1500,50,10,75,10800,10,1080,1072,8,75,14.4,29,S1_cycle0004_A_seed1400,4,1400,A
S1,continuous,B,75,240.0,66.66666666666667,0.35,313,8,8,152.4,500ft,False,disabled,1080,132,948,71,0,1105,1425,1105,1048.4509201313342,68.4504821051212,0.0,0.0,0.0,0.0,0.0,0,0.4449018614092236,0.6101851851851852,0.0657407407407407,S1,소형 고혼잡 도시 시나리오,1500,1500,50,10,75,10800,10,1080,1073,7,75,14.4,23,S1_cycle0004_B_seed1401,4,1401,B
S1,continuous,C,75,240.0,66.66666666666667,0.35,320,8,8,152.4,500ft,False,disabled,1080,123,957,497,497,802,831,1299,1247.3740863273551,99.71779159395896,122.66666666666669,0.0,0.0,0.0,0.0,0,0.0,0.4611111111111111,0.0,S1,소형 고혼잡 도시 시나리오,1500,1500,50,10,75,10800,10,1080,1055,25,75,14.4,20,S1_cycle0004_C_seed1402,4,1402,C
S1,continuous,D,75,240.0,66.66666666666667,0.35,319,8,8,152.4,500ft,False,disabled,1080,162,918,28,4,918,983,922,968.64851757615,90.01356094962063,148.61111111111111,0.0,0.0,0.0,0.0,0,0.0810271826905131,0.6898148148148148,0.0259259259259259,S1,소형 고혼잡 도시 시나리오,1500,1500,50,10,75,10800,10,1080,1057,23,75,14.4,23,S1_cycle0004_D_seed1403,4,1403,D
S1,continuous,E,75,240.0,66.66666666666667,0.35,286,8,8,152.4,500ft,True,disabled,1080,357,723,117,30,2793,133604,2823,1349.6718277492687,1007.8955779177256,1254.0203978676664,1227.853731201,891.6915545113204,2119.5452857123228,5513.322570114149,1073,0.1457350182016582,0.8444444444444444,0.0833333333333333,S1,소형 고혼잡 도시 시나리오,1500,1500,50,10,75,10800,10,1080,352,728,75,14.4,20,S1_cycle0004_E_seed1404,4,1404,E
S1,continuous,A,75,240.0,66.66666666666667,0.35,319,8,8,152.4,500ft,False,disabled,1080,50,1030,870,870,1197,1472,2067,967.3524219633252,68.82459122248773,0.0,0.0,0.0,0.0,0.0,0,0.0,0.0,0.0,S1,소형 고혼잡 도시 시나리오,1500,1500,50,10,75,10800,10,1080,1075,5,75,14.4,26,S1_cycle0005_A_seed1500,5,1500,A
S1,continuous,B,75,240.0,66.66666666666667,0.35,320,8,8,152.4,500ft,False,disabled,1080,53,1027,43,0,1589,2053,1589,1047.9733916931057,85.94313170702581,0.0,0.0,0.0,0.0,0.0,0,0.0022529381628402,0.662962962962963,0.0398148148148148,S1,소형 고혼잡 도시 시나리오,1500,1500,50,10,75,10800,10,1080,1074,6,75,14.4,23,S1_cycle0005_B_seed1501,5,1501,B
S1,continuous,C,75,240.0,66.66666666666667,0.35,335,8,8,152.4,500ft,False,disabled,1080,226,854,532,532,603,603,1135,1096.5564264048337,86.6541803514358,69.11111111111111,0.0,0.0,0.0,0.0,0,0.0,0.35,0.0,S1,소형 고혼잡 도시 시나리오,1500,1500,50,10,75,10800,10,1080,1065,15,75,14.4,23,S1_cycle0005_C_seed1502,5,1502,C
S1,continuous,D,75,240.0,66.66666666666667,0.35,311,8,8,152.4,500ft,False,disabled,1080,297,783,95,0,646,646,646,1290.4277229253314,90.30129741225886,76.72222222222223,0.0,0.0,0.0,0.0,0,0.1424880884216008,0.6962962962962963,0.0879629629629629,S1,소형 고혼잡 도시 시나리오,1500,1500,50,10,75,10800,10,1080,1063,17,75,14.4,22,S1_cycle0005_D_seed1503,5,1503,D
S1,continuous,E,75,240.0,66.66666666666667,0.35,315,8,8,152.4,500ft,True,disabled,1080,319,761,10,11,1735,34847,1746,1146.226317487845,884.7662948294071,1327.6180754609115,1309.0069643498005,776.7965845625451,2085.803548912345,4720.0,1072,0.0368876972078615,0.8296296296296296,0.0083333333333333,S1,소형 고혼잡 도시 시나리오,1500,1500,50,10,75,10800,10,1080,352,728,75,14.4,19,S1_cycle0005_E_seed1504,5,1504,E
S1,continuous,A,75,240.0,66.66666666666667,0.35,326,8,8,152.4,500ft,False,disabled,1080,83,997,1141,1141,916,1128,2057,991.9600932452008,61.92505372332323,0.0,0.0,0.0,0.0,0.0,0,0.0,0.0,0.0,S1,소형 고혼잡 도시 시나리오,1500,1500,50,10,75,10800,10,1080,1075,5,75,14.4,22,S1_cycle0006_A_seed1600,6,1600,A
S1,continuous,B,75,240.0,66.66666666666667,0.35,305,8,8,152.4,500ft,False,disabled,1080,169,911,72,0,936,1144,936,1035.5250866778008,67.95573893530712,0.0,0.0,0.0,0.0,0.0,0,0.1177955398170404,0.3814814814814815,0.0666666666666666,S1,소형 고혼잡 도시 시나리오,1500,1500,50,10,75,10800,10,1080,1074,6,75,14.4,25,S1_cycle0006_B_seed1601,6,1601,B
S1,continuous,C,75,240.0,66.66666666666667,0.35,318,8,8,152.4,500ft,False,disabled,1080,122,958,709,709,690,691,1399,1227.395642075308,93.91993892702465,78.27777777777777,0.0,0.0,0.0,0.0,0,0.0,0.362037037037037,0.0,S1,소형 고혼잡 도시 시나리오,1500,1500,50,10,75,10800,10,1080,1063,17,75,14.4,20,S1_cycle0006_C_seed1602,6,1602,C
S1,continuous,D,75,240.0,66.66666666666667,0.35,319,8,8,152.4,500ft,False,disabled,1080,168,912,11,11,985,1058,996,1341.4215978182797,106.878155482261,132.22222222222223,0.0,0.0,0.0,0.0,0,0.0020399294172032,0.7870370370370371,0.0046296296296296,S1,소형 고혼잡 도시 시나리오,1500,1500,50,10,75,10800,10,1080,1056,24,75,14.4,20,S1_cycle0006_D_seed1603,6,1603,D
S1,continuous,E,75,240.0,66.66666666666667,0.35,300,8,8,152.4,500ft,True,disabled,1080,279,801,51,20,2269,42543,2289,1229.72796998642,864.1006872313113,1317.083025067774,1296.8608028455517,757.0234648745496,2053.8842677200987,3878.4114834329407,1072,0.2070031767781685,0.7759259259259259,0.0462962962962962,S1,소형 고혼잡 도시 시나리오,1500,1500,50,10,75,10800,10,1080,348,732,75,14.4,18,S1_cycle0006_E_seed1604,6,1604,E
S1,continuous,A,75,240.0,66.66666666666667,0.35,290,8,8,152.4,500ft,False,disabled,1080,47,1033,973,973,1222,1591,2195,1129.2108569624688,78.46905972572736,0.0,0.0,0.0,0.0,0.0,0,0.0,0.0,0.0,S1,소형 고혼잡 도시 시나리오,1500,1500,50,10,75,10800,10,1080,1074,6,75,14.4,22,S1_cycle0007_A_seed1700,7,1700,A
S1,continuous,B,75,240.0,66.66666666666667,0.35,329,8,8,152.4,500ft,False,disabled,1080,60,1020,0,0,1615,2240,1615,1210.2203472988035,94.44090275066148,0.0,0.0,0.0,0.0,0.0,0,0.0,0.7555555555555555,0.0,S1,소형 고혼잡 도시 시나리오,1500,1500,50,10,75,10800,10,1080,1071,9,75,14.4,22,S1_cycle0007_B_seed1701,7,1701,B
S1,continuous,C,75,240.0,66.66666666666667,0.35,319,8,8,152.4,500ft,False,disabled,1080,51,1029,395,395,1146,1250,1541,1292.993642713606,124.30782408835232,149.16666666666666,0.0,0.0,0.0,0.0,0,0.0,0.4824074074074074,0.0,S1,소형 고혼잡 도시 시나리오,1500,1500,50,10,75,10800,10,1080,1052,28,75,14.4,21,S1_cycle0007_C_seed1702,7,1702,C
S1,continuous,D,75,240.0,66.66666666666667,0.35,304,8,8,152.4,500ft,False,disabled,1080,192,888,22,3,885,920,888,1038.280266017876,104.83112403416568,127.55555555555556,0.0,0.0,0.0,0.0,0,0.0782870025288091,0.6416666666666667,0.0203703703703703,S1,소형 고혼잡 도시 시나리오,1500,1500,50,10,75,10800,10,1080,1053,27,75,14.4,22,S1_cycle0007_D_seed1703,7,1703,D
S1,continuous,E,75,240.0,66.66666666666667,0.35,309,8,8,152.4,500ft,True,disabled,1080,256,824,72,11,2437,40964,2448,1387.477203422936,850.4777201504553,1299.3554768654385,1275.633254643216,742.2671365003671,2017.9003911435848,3869.67805549142,1072,0.0640504978723295,0.7462962962962963,0.0648148148148148,S1,소형 고혼잡 도시 시나리오,1500,1500,50,10,75,10800,10,1080,344,736,75,14.4,18,S1_cycle0007_E_seed1704,7,1704,E
S1,continuous,A,75,240.0,66.66666666666667,0.35,310,8,8,152.4,500ft,False,disabled,1080,69,1011,1165,1165,1069,1362,2234,1137.4131354354993,67.63675923209249,0.0,0.0,0.0,0.0,0.0,0,0.0,0.0,0.0,S1,소형 고혼잡 도시 시나리오,1500,1500,50,10,75,10800,10,1080,1074,6,75,14.4,25,S1_cycle0008_A_seed1800,8,1800,A
S1,continuous,B,75,240.0,66.66666666666667,0.35,324,8,8,152.4,500ft,False,disabled,1080,100,980,28,0,1285,1678,1285,1275.9896115898057,87.0977264186199,0.0,0.0,0.0,0.0,0.0,0,0.0406028132468552,0.5148148148148148,0.0129629629629629,S1,소형 고혼잡 도시 시나리오,1500,1500,50,10,75,10800,10,1080,1071,9,75,14.4,24,S1_cycle0008_B_seed1801,8,1801,B
S1,continuous,C,75,240.0,66.66666666666667,0.35,322,8,8,152.4,500ft,False,disabled,1080,137,943,634,634,799,819,1433,1151.662268995255,93.57388282722718,129.22222222222223,0.0,0.0,0.0,0.0,0,0.0,0.4166666666666667,0.0,S1,소형 고혼잡 도시 시나리오,1500,1500,50,10,75,10800,10,1080,1057,23,75,14.4,22,S1_cycle0008_C_seed1802,8,1802,C
S1,continuous,D,75,240.0,66.66666666666667,0.35,325,8,8,152.4,500ft,False,disabled,1080,378,702,37,0,543,543,543,1074.857837639255,79.45380657206803,63.166666666666664,0.0,0.0,0.0,0.0,0,0.0273303089433945,0.5453703703703704,0.0342592592592592,S1,소형 고혼잡 도시 시나리오,1500,1500,50,10,75,10800,10,1080,1067,13,75,14.4,20,S1_cycle0008_D_seed1803,8,1803,D
S1,continuous,E,75,240.0,66.66666666666667,0.35,318,8,8,152.4,500ft,True,disabled,1080,298,782,21,21,3448,174455,3469,1313.8398242283265,1079.529811100418,1261.82434381774,1227.935454928852,960.974930821392,2188.910385750245,6160.0,1068,0.0238319579442754,0.8037037037037037,0.0157407407407407,S1,소형 고혼잡 도시 시나리오,1500,1500,50,10,75,10800,10,1080,331,749,75,14.4,21,S1_cycle0008_E_seed1804,8,1804,E
S2,continuous,A,100,240.0,66.66666666666667,0.35,556,12,12,152.4,500ft,False,disabled,1080,38,1042,1877,1877,773,956,2650,1318.6282216343727,74.56528893621686,0.0,0.0,0.0,0.0,0.0,0,0.0,0.0,0.0,S2,중소형 확장 도시 시나리오,2000,2000,50,12,100,10800,10,1080,1072,8,100,10.8,19,S2_cycle0000_A_seed1000,0,1000,A
S2,continuous,B,100,240.0,66.66666666666667,0.35,577,12,12,152.4,500ft,False,disabled,1080,223,857,51,0,851,1100,851,1468.6958319723822,87.06259413760709,0.0,0.0,0.0,0.0,0.0,0,0.0232539832178487,0.674074074074074,0.0472222222222222,S2,중소형 확장 도시 시나리오,2000,2000,50,12,100,10800,10,1080,1071,9,100,10.8,19,S2_cycle0000_B_seed1001,0,1001,B
S2,continuous,C,100,240.0,66.66666666666667,0.35,563,12,12,152.4,500ft,False,disabled,1080,210,870,1316,1316,398,400,1714,1275.6345000114147,71.03423068151034,55.111111111111114,0.0,0.0,0.0,0.0,0,0.0,0.2527777777777777,0.0,S2,중소형 확장 도시 시나리오,2000,2000,50,12,100,10800,10,1080,1069,11,100,10.8,20,S2_cycle0000_C_seed1002,0,1002,C
S2,continuous,D,100,240.0,66.66666666666667,0.35,566,12,12,152.4,500ft,False,disabled,1080,435,645,0,0,478,478,478,1705.7174607082948,100.31586940827938,48.94444444444444,0.0,0.0,0.0,0.0,0,0.0,0.7814814814814814,0.0,S2,중소형 확장 도시 시나리오,2000,2000,50,12,100,10800,10,1080,1066,14,100,10.8,19,S2_cycle0000_D_seed1003,0,1003,D
S2,continuous,E,100,240.0,66.66666666666667,0.35,568,12,12,152.4,500ft,True,disabled,1080,267,813,51,26,1687,29073,1713,1554.1501507376524,773.3770563685063,1158.1082617076315,1132.9971505965202,642.5101360804476,1775.5072866769688,3754.4199846225742,1071,0.051188705287604,0.8398148148148148,0.0462962962962962,S2,중소형 확장 도시 시나리오,2000,2000,50,12,100,10800,10,1080,510,570,100,10.8,14,S2_cycle0000_E_seed1004,0,1004,E
S2,continuous,A,100,240.0,66.66666666666667,0.35,602,12,12,152.4,500ft,False,disabled,1080,92,988,1817,1817,579,688,2396,1347.7070143723429,64.83238848090888,0.0,0.0,0.0,0.0,0.0,0,0.0,0.0,0.0,S2,중소형 확장 도시 시나리오,2000,2000,50,12,100,10800,10,1080,1074,6,100,10.8,20,S2_cycle0001_A_seed1100,1,1100,A
S2,continuous,B,100,240.0,66.66666666666667,0.35,530,12,12,152.4,500ft,False,disabled,1080,286,794,42,0,752,939,752,1103.6114708220705,68.44419231243592,0.0,0.0,0.0,0.0,0.0,0,0.1746974106389466,0.4564814814814815,0.0388888888888888,S2,중소형 확장 도시 시나리오,2000,2000,50,12,100,10800,10,1080,1075,5,100,10.8,20,S2_cycle0001_B_seed1101,1,1101,B
S2,continuous,C,100,240.0,66.66666666666667,0.35,559,12,12,152.4,500ft,False,disabled,1080,186,894,972,972,447,447,1419,1305.021780235777,88.78450198640665,44.44444444444444,0.0,0.0,0.0,0.0,0,0.0,0.2907407407407407,0.0,S2,중소형 확장 도시 시나리오,2000,2000,50,12,100,10800,10,1080,1069,11,100,10.8,16,S2_cycle0001_C_seed1102,1,1102,C
S2,continuous,D,100,240.0,66.66666666666667,0.35,557,12,12,152.4,500ft,False,disabled,1080,286,794,15,3,652,654,655,1568.66509900936,119.97881943538582,73.61111111111111,0.0,0.0,0.0,0.0,0,0.0320807548958715,0.8157407407407408,0.0157407407407407,S2,중소형 확장 도시 시나리오,2000,2000,50,12,100,10800,10,1080,1065,15,100,10.8,17,S2_cycle0001_D_seed1103,1,1103,D
S2,continuous,E,100,240.0,66.66666666666667,0.35,579,12,12,152.4,500ft,True,disabled,1080,344,736,36,13,1533,31398,1546,1563.351687752869,783.2819041834367,1166.5573204020104,1140.279542624232,656.7395281824049,1797.0190708066389,4549.107521283138,1071,0.0577690703277125,0.8268518518518518,0.0435185185185185,S2,중소형 확장 도시 시나리오,2000,2000,50,12,100,10800,10,1080,528,552,100,10.8,14,S2_cycle0001_E_seed1104,1,1104,E
S2,continuous,A,100,240.0,66.66666666666667,0.35,567,12,12,152.4,500ft,False,disabled,1080,107,973,1629,1629,733,940,2362,1354.5169985074267,81.54496118462808,0.0,0.0,0.0,0.0,0.0,0,0.0,0.0,0.0,S2,중소형 확장 도시 시나리오,2000,2000,50,12,100,10800,10,1080,1072,8,100,10.8,18,S2_cycle0002_A_seed1200,2,1200,A
S2,continuous,B,100,240.0,66.66666666666667,0.35,574,12,12,152.4,500ft,False,disabled,1080,302,778,73,0,700,915,700,1357.0790253114094,83.9243842148106,0.0,0.0,0.0,0.0,0.0,0,0.0738554704949196,0.7472222222222222,0.075,S2,중소형 확장 도시 시나리오,2000,2000,50,12,100,10800,10,1080,1073,7,100,10.8,20,S2_cycle0002_B_seed1201,2,1201,B
S2,continuous,C,100,240.0,66.66666666666667,0.35,579,12,12,152.4,500ft,False,disabled,1080,268,812,1261,1261,344,345,1605,1238.9150178573782,63.01008478640895,33.77777777777778,0.0,0.0,0.0,0.0,0,0.0,0.1842592592592592,0.0,S2,중소형 확장 도시 시나리오,2000,2000,50,12,100,10800,10,1080,1071,9,100,10.8,20,S2_cycle0002_C_seed1202,2,1202,C
S2,continuous,D,100,240.0,66.66666666666667,0.35,557,12,12,152.4,500ft,False,disabled,1080,443,637,26,0,435,435,435,1396.7738113398532,90.0997596866798,44.333333333333336,0.0,0.0,0.0,0.0,0,0.045054248303793,0.725925925925926,0.024074074074074,S2,중소형 확장 도시 시나리오,2000,2000,50,12,100,10800,10,1080,1066,14,100,10.8,18,S2_cycle0002_D_seed1203,2,1203,D
S2,continuous,E,100,240.0,66.66666666666667,0.35,571,12,12,152.4,500ft,True,disabled,1080,330,750,29,9,2245,85139,2254,1593.0565956606476,881.7620986768475,1118.5426681601552,1090.7648903823774,746.2274249511796,1836.9923153335524,5147.943890379278,1066,0.007496605161369,0.7962962962962963,0.0203703703703703,S2,중소형 확장 도시 시나리오,2000,2000,50,12,100,10800,10,1080,494,586,100,10.8,16,S2_cycle0002_E_seed1204,2,1204,E
S2,continuous,A,100,240.0,66.66666666666667,0.35,562,12,12,152.4,500ft,False,disabled,1080,77,1003,1626,1626,871,1141,2497,1523.7487046384945,82.42976251951526,0.0,0.0,0.0,0.0,0.0,0,0.0,0.0,0.0,S2,중소형 확장 도시 시나리오,2000,2000,50,12,100,10800,10,1080,1075,5,100,10.8,20,S2_cycle0003_A_seed1300,3,1300,A
S2,continuous,B,100,240.0,66.66666666666667,0.35,519,12,12,152.4,500ft,False,disabled,1080,258,822,17,0,799,1041,799,1470.812253554861,86.60582847028738,0.0,0.0,0.0,0.0,0.0,0,0.0108742699116387,0.7222222222222222,0.0157407407407407,S2,중소형 확장 도시 시나리오,2000,2000,50,12,100,10800,10,1080,1071,9,100,10.8,20,S2_cycle0003_B_seed1301,3,1301,B
S2,continuous,C,100,240.0,66.66666666666667,0.35,560,12,12,152.4,500ft,False,disabled,1080,229,851,1130,1130,428,435,1558,1308.644041263368,65.7905718069675,47.611111111111114,0.0,0.0,0.0,0.0,0,0.0,0.2666666666666666,0.0,S2,중소형 확장 도시 시나리오,2000,2000,50,12,100,10800,10,1080,1070,10,100,10.8,19,S2_cycle0003_C_seed1302,3,1302,C
S2,continuous,D,100,240.0,66.66666666666667,0.35,549,12,12,152.4,500ft,False,disabled,1080,260,820,52,2,723,733,725,1473.5194404002764,113.79245339342565,78.66666666666667,0.0,0.0,0.0,0.0,0,0.0295006779542673,0.6425925925925926,0.0546296296296296,S2,중소형 확장 도시 시나리오,2000,2000,50,12,100,10800,10,1080,1062,18,100,10.8,20,S2_cycle0003_D_seed1303,3,1303,D
S2,continuous,E,100,240.0,66.66666666666667,0.35,536,12,12,152.4,500ft,True,disabled,1080,272,808,46,24,2251,52632,2275,1381.1929260681093,836.8695456487127,1125.823341110599,1093.7122299994874,721.743900198872,1815.4561301983588,5045.5133120015635,1065,0.0475014841599736,0.8064814814814815,0.0407407407407407,S2,중소형 확장 도시 시나리오,2000,2000,50,12,100,10800,10,1080,507,573,100,10.8,15,S2_cycle0003_E_seed1304,3,1304,E
S2,continuous,A,100,240.0,66.66666666666667,0.35,576,12,12,152.4,500ft,False,disabled,1080,42,1038,2420,2420,888,1112,3308,1482.8672299496254,80.89356409425673,0.0,0.0,0.0,0.0,0.0,0,0.0,0.0,0.0,S2,중소형 확장 도시 시나리오,2000,2000,50,12,100,10800,10,1080,1075,5,100,10.8,22,S2_cycle0004_A_seed1400,4,1400,A
S2,continuous,B,100,240.0,66.66666666666667,0.35,572,12,12,152.4,500ft,False,disabled,1080,259,821,77,0,792,968,792,1278.0777476253245,78.01973558668752,0.0,0.0,0.0,0.0,0.0,0,0.139908694938436,0.675,0.0712962962962963,S2,중소형 확장 도시 시나리오,2000,2000,50,12,100,10800,10,1080,1073,7,100,10.8,20,S2_cycle0004_B_seed1401,4,1401,B
S2,continuous,C,100,240.0,66.66666666666667,0.35,556,12,12,152.4,500ft,False,disabled,1080,248,832,880,880,465,467,1345,1375.6708214938265,86.70450945098489,42.05555555555556,0.0,0.0,0.0,0.0,0,0.0,0.2703703703703703,0.0,S2,중소형 확장 도시 시나리오,2000,2000,50,12,100,10800,10,1080,1067,13,100,10.8,17,S2_cycle0004_C_seed1402,4,1402,C
S2,continuous,D,100,240.0,66.66666666666667,0.35,564,12,12,152.4,500ft,False,disabled,1080,489,591,68,0,408,408,408,1405.8375437150964,79.59952448908983,35.27777777777778,0.0,0.0,0.0,0.0,0,0.0969851207179538,0.7666666666666667,0.049074074074074,S2,중소형 확장 도시 시나리오,2000,2000,50,12,100,10800,10,1080,1067,13,100,10.8,19,S2_cycle0004_D_seed1403,4,1403,D
S2,continuous,E,100,240.0,66.66666666666667,0.35,530,12,12,152.4,500ft,True,disabled,1080,296,784,61,27,1572,29563,1599,1614.5105407100973,790.6891002155924,1119.6353565998447,1093.3020232665117,661.9868266011694,1755.2888498676814,4804.809174796803,1065,0.0386424566798131,0.8361111111111111,0.0444444444444444,S2,중소형 확장 도시 시나리오,2000,2000,50,12,100,10800,10,1080,515,565,100,10.8,14,S2_cycle0004_E_seed1404,4,1404,E
S2,continuous,A,100,240.0,66.66666666666667,0.35,587,12,12,152.4,500ft,False,disabled,1080,137,943,1244,1244,736,915,1980,1036.1177126322054,63.632440101372495,0.0,0.0,0.0,0.0,0.0,0,0.0,0.0,0.0,S2,중소형 확장 도시 시나리오,2000,2000,50,12,100,10800,10,1080,1074,6,100,10.8,17,S2_cycle0005_A_seed1500,5,1500,A
S2,continuous,B,100,240.0,66.66666666666667,0.35,552,12,12,152.4,500ft,False,disabled,1080,265,815,11,0,715,894,715,1409.5092375292998,82.6652684441268,0.0,0.0,0.0,0.0,0.0,0,0.0031993050891059,0.7416666666666667,0.0101851851851851,S2,중소형 확장 도시 시나리오,2000,2000,50,12,100,10800,10,1080,1073,7,100,10.8,20,S2_cycle0005_B_seed1501,5,1501,B
S2,continuous,C,100,240.0,66.66666666666667,0.35,579,12,12,152.4,500ft,False,disabled,1080,175,905,876,876,509,510,1385,1362.1671471278364,91.01317953859676,53.5,0.0,0.0,0.0,0.0,0,0.0,0.287037037037037,0.0,S2,중소형 확장 도시 시나리오,2000,2000,50,12,100,10800,10,1080,1066,14,100,10.8,17,S2_cycle0005_C_seed1502,5,1502,C
S2,continuous,D,100,240.0,66.66666666666667,0.35,583,12,12,152.4,500ft,False,disabled,1080,486,594,0,0,403,404,403,1556.2749602704623,89.82562173394425,36.611111111111114,0.0,0.0,0.0,0.0,0,0.0,0.7564814814814815,0.0,S2,중소형 확장 도시 시나리오,2000,2000,50,12,100,10800,10,1080,1066,14,100,10.8,17,S2_cycle0005_D_seed1503,5,1503,D
S2,continuous,E,100,240.0,66.66666666666667,0.35,566,12,12,152.4,500ft,True,disabled,1080,295,785,43,24,2180,54438,2204,1589.6983698679785,777.0964669598045,1137.0235416517671,1109.912430540656,652.6407309498871,1762.553161490543,4712.010346497197,1061,0.0134990852190484,0.825925925925926,0.0361111111111111,S2,중소형 확장 도시 시나리오,2000,2000,50,12,100,10800,10,1080,513,567,100,10.8,15,S2_cycle0005_E_seed1504,5,1504,E
S2,continuous,A,100,240.0,66.66666666666667,0.35,556,12,12,152.4,500ft,False,disabled,1080,146,934,1424,1424,617,779,2041,1294.973713533374,63.904350328339234,0.0,0.0,0.0,0.0,0.0,0,0.0,0.0,0.0,S2,중소형 확장 도시 시나리오,2000,2000,50,12,100,10800,10,1080,1072,8,100,10.8,20,S2_cycle0006_A_seed1600,6,1600,A
S2,continuous,B,100,240.0,66.66666666666667,0.35,526,12,12,152.4,500ft,False,disabled,1080,262,818,28,0,734,933,734,1278.324153329315,81.72368296518013,0.0,0.0,0.0,0.0,0.0,0,0.0128164877560138,0.5064814814814815,0.0259259259259259,S2,중소형 확장 도시 시나리오,2000,2000,50,12,100,10800,10,1080,1070,10,100,10.8,18,S2_cycle0006_B_seed1601,6,1601,B
S2,continuous,C,100,240.0,66.66666666666667,0.35,557,12,12,152.4,500ft,False,disabled,1080,146,934,1284,1284,403,403,1687,1461.6795560770663,78.5010684156875,41.888888888888886,0.0,0.0,0.0,0.0,0,0.0,0.2398148148148148,0.0,S2,중소형 확장 도시 시나리오,2000,2000,50,12,100,10800,10,1080,1068,12,100,10.8,17,S2_cycle0006_C_seed1602,6,1602,C
S2,continuous,D,100,240.0,66.66666666666667,0.35,574,12,12,152.4,500ft,False,disabled,1080,351,729,14,0,585,597,585,1338.794670580765,105.27195171065628,71.38888888888889,0.0,0.0,0.0,0.0,0,0.0034389350636329,0.7925925925925926,0.0129629629629629,S2,중소형 확장 도시 시나리오,2000,2000,50,12,100,10800,10,1080,1060,20,100,10.8,18,S2_cycle0006_D_seed1603,6,1603,D
S2,continuous,E,100,240.0,66.66666666666667,0.35,538,12,12,152.4,500ft,True,disabled,1080,199,881,46,38,2109,23143,2147,1547.4726353745914,743.9836422752385,1142.6059989655544,1110.6615545211096,615.1923046824263,1725.853859203534,4403.679077188501,1070,0.0503598910034042,0.8537037037037037,0.0388888888888888,S2,중소형 확장 도시 시나리오,2000,2000,50,12,100,10800,10,1080,528,552,100,10.8,14,S2_cycle0006_E_seed1604,6,1604,E
S3,continuous,A,150,240.0,66.66666666666667,0.45,714,20,20,152.4,500ft,False,disabled,1080,214,866,1048,1048,383,463,1431,1713.4630877728048,68.55453159800092,0.0,0.0,0.0,0.0,0.0,0,0.0,0.0,0.0,S3,중형 고밀도 도시 시나리오,3000,3000,75,15,150,10800,10,1080,1073,7,149,7.248322147651007,15,S3_cycle0000_A_seed1000,0,1000,A
S3,continuous,B,150,240.0,66.66666666666667,0.45,755,20,20,152.4,500ft,False,disabled,1080,412,668,67,0,529,682,529,1935.0828550180536,93.5604297480844,0.0,0.0,0.0,0.0,0.0,0,0.0453642214886053,0.5888888888888889,0.0638888888888888,S3,중형 고밀도 도시 시나리오,3000,3000,75,15,150,10800,10,1080,1070,10,150,7.2,13,S3_cycle0000_B_seed1001,0,1001,B
S3,continuous,C,150,240.0,66.66666666666667,0.45,740,20,20,152.4,500ft,False,disabled,1080,249,831,1227,1227,210,210,1437,1694.7187517592838,71.17488229849283,16.0,0.0,0.0,0.0,0.0,0,0.0,0.1268518518518518,0.0,S3,중형 고밀도 도시 시나리오,3000,3000,75,15,150,10800,10,1080,1072,8,150,7.2,16,S3_cycle0000_C_seed1002,0,1002,C
S3,continuous,D,150,240.0,66.66666666666667,0.45,731,20,20,152.4,500ft,False,disabled,1080,674,406,81,0,241,241,241,1896.330935371716,90.3181952405293,22.5,0.0,0.0,0.0,0.0,0,0.2013844648419531,0.6777777777777778,0.0629629629629629,S3,중형 고밀도 도시 시나리오,3000,3000,75,15,150,10800,10,1080,1071,9,150,7.2,14,S3_cycle0000_D_seed1003,0,1003,D
S3,continuous,E,150,240.0,66.66666666666667,0.45,743,20,20,152.4,500ft,True,disabled,1080,356,724,28,7,1189,12132,1196,2129.271343227845,624.5625822423182,906.3226207788535,876.6003985566317,493.8228731015347,1370.4232716581653,3080.717269118006,1051,0.0528145355659706,0.8379629629629629,0.0222222222222222,S3,중형 고밀도 도시 시나리오,3000,3000,75,15,150,10800,10,1080,825,255,150,7.2,10,S3_cycle0000_E_seed1004,0,1004,E
S3,continuous,A,150,240.0,66.66666666666667,0.45,754,20,20,152.4,500ft,False,disabled,1080,141,939,1463,1463,443,555,1906,1721.971336013142,80.59020397679649,0.0,0.0,0.0,0.0,0.0,0,0.0,0.0,0.0,S3,중형 고밀도 도시 시나리오,3000,3000,75,15,150,10800,10,1080,1074,6,150,7.2,16,S3_cycle0001_A_seed1100,1,1100,A
S3,continuous,B,150,240.0,66.66666666666667,0.45,669,20,20,152.4,500ft,False,disabled,1080,490,590,79,0,397,478,397,1789.1613452911802,74.63936639477886,0.0,0.0,0.0,0.0,0.0,0,0.1635877872785499,0.6703703703703704,0.0777777777777777,S3,중형 고밀도 도시 시나리오,3000,3000,75,15,150,10800,10,1080,1073,7,150,7.2,17,S3_cycle0001_B_seed1101,1,1101,B
S3,continuous,C,150,240.0,66.66666666666667,0.45,744,20,20,152.4,500ft,False,disabled,1080,227,853,1121,1121,334,334,1455,1792.8851559424152,87.0777896287909,20.833333333333332,0.0,0.0,0.0,0.0,0,0.0,0.1648148148148148,0.0,S3,중형 고밀도 도시 시나리오,3000,3000,75,15,150,10800,10,1080,1067,13,150,7.2,15,S3_cycle0001_C_seed1102,1,1102,C
S3,continuous,D,150,240.0,66.66666666666667,0.45,740,20,20,152.4,500ft,False,disabled,1080,581,499,70,0,325,326,325,2035.148338479436,106.27727588977258,22.77777777777778,0.0,0.0,0.0,0.0,0,0.5032852795317695,0.7314814814814815,0.0601851851851851,S3,중형 고밀도 도시 시나리오,3000,3000,75,15,150,10800,10,1080,1068,12,150,7.2,13,S3_cycle0001_D_seed1103,1,1103,D
S3,continuous,E,150,240.0,66.66666666666667,0.45,719,20,20,152.4,500ft,True,disabled,1080,399,681,60,36,1167,15988,1203,1975.0353490518444,639.6246081530733,887.9006997407971,865.9562552963527,515.2442138425733,1381.200469138926,3418.1339485354347,1054,0.0752545527445972,0.8074074074074075,0.05,S3,중형 고밀도 도시 시나리오,3000,3000,75,15,150,10800,10,1080,832,248,150,7.2,10,S3_cycle0001_E_seed1104,1,1104,E
S3,continuous,A,150,240.0,66.66666666666667,0.45,704,20,20,152.4,500ft,False,disabled,1080,172,908,1254,1254,414,504,1668,1790.4977126934157,80.32797682864623,0.0,0.0,0.0,0.0,0.0,0,0.0,0.0,0.0,S3,중형 고밀도 도시 시나리오,3000,3000,75,15,150,10800,10,1080,1072,8,149,7.248322147651007,15,S3_cycle0002_A_seed1200,2,1200,A
S3,continuous,B,150,240.0,66.66666666666667,0.45,747,20,20,152.4,500ft,False,disabled,1080,417,663,54,0,511,676,511,2022.6170586877995,99.23412659543452,0.0,0.0,0.0,0.0,0.0,0,0.1374240852484448,0.6314814814814815,0.049074074074074,S3,중형 고밀도 도시 시나리오,3000,3000,75,15,150,10800,10,1080,1071,9,150,7.2,16,S3_cycle0002_B_seed1201,2,1201,B
S3,continuous,C,150,240.0,66.66666666666667,0.45,743,20,20,152.4,500ft,False,disabled,1080,276,804,1175,1175,283,283,1458,1927.2657083523736,89.97769426900709,21.72222222222222,0.0,0.0,0.0,0.0,0,0.0,0.1592592592592592,0.0,S3,중형 고밀도 도시 시나리오,3000,3000,75,15,150,10800,10,1080,1072,8,150,7.2,14,S3_cycle0002_C_seed1202,2,1202,C
S3,continuous,D,150,240.0,66.66666666666667,0.45,714,20,20,152.4,500ft,False,disabled,1080,624,456,36,0,283,283,283,1872.561322581195,94.6908390797052,24.055555555555557,0.0,0.0,0.0,0.0,0,0.0673309955260494,0.7342592592592593,0.0333333333333333,S3,중형 고밀도 도시 시나리오,3000,3000,75,15,150,10800,10,1080,1072,8,150,7.2,14,S3_cycle0002_D_seed1203,2,1203,D
S3,continuous,E,150,240.0,66.66666666666667,0.45,747,20,20,152.4,500ft,True,disabled,1080,320,760,49,35,1401,14471,1436,2007.9265324192393,661.5657466911474,895.1431582740194,871.5320471629084,517.9754554180655,1389.5075025809729,3025.321926366475,1053,0.0948383439193334,0.8138888888888889,0.0453703703703703,S3,중형 고밀도 도시 시나리오,3000,3000,75,15,150,10800,10,1080,819,261,150,7.2,10,S3_cycle0002_E_seed1204,2,1204,E
S3,continuous,A,150,240.0,66.66666666666667,0.45,716,20,20,152.4,500ft,False,disabled,1080,148,932,1500,1500,449,564,1949,1660.3130454911343,75.47532737475346,0.0,0.0,0.0,0.0,0.0,0,0.0,0.0,0.0,S3,중형 고밀도 도시 시나리오,3000,3000,75,15,150,10800,10,1080,1072,8,150,7.2,14,S3_cycle0003_A_seed1300,3,1300,A
S3,continuous,B,150,240.0,66.66666666666667,0.45,702,20,20,152.4,500ft,False,disabled,1080,470,610,69,0,467,608,467,1747.984193653868,90.87997383682156,0.0,0.0,0.0,0.0,0.0,0,0.115403374444954,0.5425925925925926,0.0611111111111111,S3,중형 고밀도 도시 시나리오,3000,3000,75,15,150,10800,10,1080,1070,10,150,7.2,14,S3_cycle0003_B_seed1301,3,1301,B
S3,continuous,C,150,240.0,66.66666666666667,0.45,732,20,20,152.4,500ft,False,disabled,1080,280,800,1104,1104,289,289,1393,1934.5941297129375,91.75227214833332,21.72222222222222,0.0,0.0,0.0,0.0,0,0.0,0.1537037037037037,0.0,S3,중형 고밀도 도시 시나리오,3000,3000,75,15,150,10800,10,1080,1070,10,150,7.2,14,S3_cycle0003_C_seed1302,3,1302,C
S3,continuous,D,150,240.0,66.66666666666667,0.45,725,20,20,152.4,500ft,False,disabled,1080,604,476,82,0,300,300,300,1774.129510082634,98.03326534916812,21.0,0.0,0.0,0.0,0.0,0,0.1835518778015245,0.6888888888888889,0.0759259259259259,S3,중형 고밀도 도시 시나리오,3000,3000,75,15,150,10800,10,1080,1071,9,150,7.2,15,S3_cycle0003_D_seed1303,3,1303,D
S3,continuous,E,150,240.0,66.66666666666667,0.45,735,20,20,152.4,500ft,True,disabled,1080,335,745,81,42,1517,26215,1559,2180.3645011193676,663.8702706966961,880.5458169727947,856.6569280839059,535.1780597876001,1391.8349878715042,4024.509691627037,1055,0.1824920264874293,0.8333333333333334,0.0527777777777777,S3,중형 고밀도 도시 시나리오,3000,3000,75,15,150,10800,10,1080,827,253,150,7.2,10,S3_cycle0003_E_seed1304,3,1304,E
S3,continuous,A,150,240.0,66.66666666666667,0.45,757,20,20,152.4,500ft,False,disabled,1080,118,962,2077,2077,403,494,2480,1922.9561335825613,78.9348834534753,0.0,0.0,0.0,0.0,0.0,0,0.0,0.0,0.0,S3,중형 고밀도 도시 시나리오,3000,3000,75,15,150,10800,10,1080,1074,6,150,7.2,15,S3_cycle0004_A_seed1400,4,1400,A
S3,continuous,B,150,240.0,66.66666666666667,0.45,737,20,20,152.4,500ft,False,disabled,1080,383,697,106,0,534,630,534,1804.908691042916,87.47972652662833,0.0,0.0,0.0,0.0,0.0,0,0.714327914535152,0.5259259259259259,0.0907407407407407,S3,중형 고밀도 도시 시나리오,3000,3000,75,15,150,10800,10,1080,1071,9,150,7.2,15,S3_cycle0004_B_seed1401,4,1401,B
S3,continuous,C,150,240.0,66.66666666666667,0.45,712,20,20,152.4,500ft,False,disabled,1080,330,750,877,877,279,279,1156,1773.8461963275347,84.68257938987213,24.27777777777778,0.0,0.0,0.0,0.0,0,0.0,0.1657407407407407,0.0,S3,중형 고밀도 도시 시나리오,3000,3000,75,15,150,10800,10,1080,1071,9,149,7.248322147651007,14,S3_cycle0004_C_seed1402,4,1402,C
S3,continuous,D,150,240.0,66.66666666666667,0.45,717,20,20,152.4,500ft,False,disabled,1080,588,492,57,0,316,317,316,1666.984881900523,84.9427615916984,21.944444444444443,0.0,0.0,0.0,0.0,0,0.1233270298302329,0.6222222222222222,0.05,S3,중형 고밀도 도시 시나리오,3000,3000,75,15,150,10800,10,1080,1070,10,150,7.2,15,S3_cycle0004_D_seed1403,4,1403,D
S3,continuous,E,150,240.0,66.66666666666667,0.45,720,20,20,152.4,500ft,True,disabled,1080,346,734,63,16,1370,18212,1386,1927.476251447025,632.6939289786484,934.1591192536936,912.4368970314708,505.549495148954,1417.986392180424,3339.376501221037,1060,0.2463076081250463,0.8212962962962963,0.0518518518518518,S3,중형 고밀도 도시 시나리오,3000,3000,75,15,150,10800,10,1080,817,263,150,7.2,10,S3_cycle0004_E_seed1404,4,1404,E
S3,continuous,A,150,240.0,66.66666666666667,0.45,704,20,20,152.4,500ft,False,disabled,1080,109,971,2028,2028,477,601,2505,1911.6890254645505,87.94366281393584,0.0,0.0,0.0,0.0,0.0,0,0.0,0.0,0.0,S3,중형 고밀도 도시 시나리오,3000,3000,75,15,150,10800,10,1080,1071,9,150,7.2,14,S3_cycle0005_A_seed1500,5,1500,A
S3,continuous,B,150,240.0,66.66666666666667,0.45,718,20,20,152.4,500ft,False,disabled,1080,375,705,6,0,543,728,543,1880.789316763634,101.11824772570232,0.0,0.0,0.0,0.0,0.0,0,0.0281173107692274,0.6768518518518518,0.0055555555555555,S3,중형 고밀도 도시 시나리오,3000,3000,75,15,150,10800,10,1080,1071,9,150,7.2,14,S3_cycle0005_B_seed1501,5,1501,B
S3,continuous,C,150,240.0,66.66666666666667,0.45,730,20,20,152.4,500ft,False,disabled,1080,232,848,1552,1552,233,233,1785,1742.3995448176086,67.60916636234604,18.72222222222222,0.0,0.0,0.0,0.0,0,0.0,0.1166666666666666,0.0,S3,중형 고밀도 도시 시나리오,3000,3000,75,15,150,10800,10,1080,1072,8,150,7.2,16,S3_cycle0005_C_seed1502,5,1502,C
S3,continuous,D,150,240.0,66.66666666666667,0.45,741,20,20,152.4,500ft,False,disabled,1080,574,506,53,0,331,334,331,1839.6500829035283,95.34385793792106,28.444444444444443,0.0,0.0,0.0,0.0,0,0.0457562095554143,0.7231481481481481,0.0472222222222222,S3,중형 고밀도 도시 시나리오,3000,3000,75,15,150,10800,10,1080,1070,10,150,7.2,14,S3_cycle0005_D_seed1503,5,1503,D
S3,continuous,E,150,240.0,66.66666666666667,0.45,719,20,20,152.4,500ft,True,disabled,1080,413,667,32,12,1552,43971,1564,2354.845807321555,715.9694878435644,926.86204716444,895.9176027199961,581.4554284052343,1477.3730311252305,4123.126319652185,1054,0.0838575938093295,0.8796296296296297,0.025,S3,중형 고밀도 도시 시나리오,3000,3000,75,15,150,10800,10,1080,791,289,150,7.2,12,S3_cycle0005_E_seed1504,5,1504,E
S4,continuous,A,200,240.0,66.66666666666667,0.3,721,32,32,152.4,500ft,False,disabled,1080,302,778,901,901,270,329,1171,2755.151625120297,88.01651261605866,0.0,0.0,0.0,0.0,0.0,0,0.0,0.0,0.0,S4,대형 저밀도 도시 시나리오,5000,5000,100,20,200,10800,10,1080,1071,9,200,5.4,13,S4_cycle0000_A_seed1000,0,1000,A
S4,continuous,B,200,240.0,66.66666666666667,0.3,761,32,32,152.4,500ft,False,disabled,1080,585,495,60,0,312,377,312,2990.3814835362964,106.93600894854168,0.0,0.0,0.0,0.0,0.0,0,0.0282683801597798,0.5175925925925926,0.0574074074074074,S4,대형 저밀도 도시 시나리오,5000,5000,100,20,200,10800,10,1080,1071,9,200,5.4,11,S4_cycle0000_B_seed1001,0,1001,B
S4,continuous,C,200,240.0,66.66666666666667,0.3,728,32,32,152.4,500ft,False,disabled,1080,294,786,1181,1181,166,166,1347,2831.8286205581912,99.79191397902436,11.833333333333334,0.0,0.0,0.0,0.0,0,0.0,0.0907407407407407,0.0,S4,대형 저밀도 도시 시나리오,5000,5000,100,20,200,10800,10,1080,1068,12,200,5.4,13,S4_cycle0000_C_seed1002,0,1002,C
S4,continuous,D,200,240.0,66.66666666666667,0.3,734,32,32,152.4,500ft,False,disabled,1080,759,321,41,0,182,182,182,2877.1615457292396,114.16119987445684,13.444444444444445,0.0,0.0,0.0,0.0,0,0.0241715232911596,0.5592592592592592,0.037037037037037,S4,대형 저밀도 도시 시나리오,5000,5000,100,20,200,10800,10,1080,1069,11,200,5.4,12,S4_cycle0000_D_seed1003,0,1003,D
S4,continuous,E,200,240.0,66.66666666666667,0.3,741,32,32,152.4,500ft,True,disabled,1080,647,433,25,14,305,580,319,3045.2598136686343,287.1307609071558,281.4490078593364,260.83789674822526,166.00884099955726,426.8467377477833,1545.912029087187,949,0.0064321959120301,0.7342592592592593,0.0157407407407407,S4,대형 저밀도 도시 시나리오,5000,5000,100,20,200,10800,10,1080,1017,63,200,5.4,10,S4_cycle0000_E_seed1004,0,1004,E
S4,continuous,A,200,240.0,66.66666666666667,0.3,783,32,32,152.4,500ft,False,disabled,1080,227,853,1432,1432,225,265,1657,2888.1874439222415,83.03307813029048,0.0,0.0,0.0,0.0,0.0,0,0.0,0.0,0.0,S4,대형 저밀도 도시 시나리오,5000,5000,100,20,200,10800,10,1080,1071,9,200,5.4,12,S4_cycle0001_A_seed1100,1,1100,A
S4,continuous,B,200,240.0,66.66666666666667,0.3,722,32,32,152.4,500ft,False,disabled,1080,600,480,33,0,313,386,313,2909.1071669108997,109.91563234438642,0.0,0.0,0.0,0.0,0.0,0,0.0064899557548798,0.5740740740740741,0.0259259259259259,S4,대형 저밀도 도시 시나리오,5000,5000,100,20,200,10800,10,1080,1068,12,199,5.42713567839196,12,S4_cycle0001_B_seed1101,1,1101,B
S4,continuous,C,200,240.0,66.66666666666667,0.3,790,32,32,152.4,500ft,False,disabled,1080,314,766,1037,1037,180,180,1217,2812.5174491696407,91.77472898852562,11.77777777777778,0.0,0.0,0.0,0.0,0,0.0,0.0925925925925925,0.0,S4,대형 저밀도 도시 시나리오,5000,5000,100,20,200,10800,10,1080,1071,9,199,5.42713567839196,11,S4_cycle0001_C_seed1102,1,1102,C
S4,continuous,D,200,240.0,66.66666666666667,0.3,708,32,32,152.4,500ft,False,disabled,1080,762,318,56,0,184,185,184,2671.348558229903,107.65470857390405,14.333333333333334,0.0,0.0,0.0,0.0,0,0.1074474966280776,0.5064814814814815,0.05,S4,대형 저밀도 도시 시나리오,5000,5000,100,20,200,10800,10,1080,1066,14,199,5.42713567839196,11,S4_cycle0001_D_seed1103,1,1103,D
S4,continuous,E,200,240.0,66.66666666666667,0.3,766,32,32,152.4,500ft,True,disabled,1080,634,446,30,6,322,1148,328,3002.079302119656,283.3096213394388,282.0523956176947,262.2746178399171,164.2197844879616,426.4944023278783,1757.405492114569,982,0.0205653953264189,0.7407407407407407,0.0277777777777777,S4,대형 저밀도 도시 시나리오,5000,5000,100,20,200,10800,10,1080,1013,67,200,5.4,11,S4_cycle0001_E_seed1104,1,1104,E
S4,continuous,A,200,240.0,66.66666666666667,0.3,710,32,32,152.4,500ft,False,disabled,1080,320,760,996,996,290,348,1286,2854.388154691344,87.30132721021735,0.0,0.0,0.0,0.0,0.0,0,0.0,0.0,0.0,S4,대형 저밀도 도시 시나리오,5000,5000,100,20,200,10800,10,1080,1072,8,198,5.454545454545454,12,S4_cycle0002_A_seed1200,2,1200,A
S4,continuous,B,200,240.0,66.66666666666667,0.3,774,32,32,152.4,500ft,False,disabled,1080,628,452,25,0,282,339,282,3021.969708151075,102.17903850731172,0.0,0.0,0.0,0.0,0.0,0,0.0155932080436249,0.5324074074074074,0.0222222222222222,S4,대형 저밀도 도시 시나리오,5000,5000,100,20,200,10800,10,1080,1071,9,197,5.482233502538071,11,S4_cycle0002_B_seed1201,2,1201,B
S4,continuous,C,200,240.0,66.66666666666667,0.3,751,32,32,152.4,500ft,False,disabled,1080,375,705,821,821,187,187,1008,2907.6088103356497,100.00508377081404,13.944444444444445,0.0,0.0,0.0,0.0,0,0.0,0.1018518518518518,0.0,S4,대형 저밀도 도시 시나리오,5000,5000,100,20,200,10800,10,1080,1070,10,199,5.42713567839196,12,S4_cycle0002_C_seed1202,2,1202,C
S4,continuous,D,200,240.0,66.66666666666667,0.3,761,32,32,152.4,500ft,False,disabled,1080,718,362,59,0,213,213,213,2998.862890727285,111.78657323902634,13.555555555555555,0.0,0.0,0.0,0.0,0,0.0752052272963049,0.5185185185185185,0.0509259259259259,S4,대형 저밀도 도시 시나리오,5000,5000,100,20,200,10800,10,1080,1065,15,200,5.4,11,S4_cycle0002_D_seed1203,2,1203,D
S4,continuous,E,200,240.0,66.66666666666667,0.3,772,32,32,152.4,500ft,True,disabled,1080,620,460,20,10,317,687,327,2841.337725436949,284.5718773949549,303.8093434188291,275.75378786327343,163.04040572923992,438.7941935925137,1460.026695905749,967,0.0080800052586649,0.725,0.0175925925925925,S4,대형 저밀도 도시 시나리오,5000,5000,100,20,200,10800,10,1080,1009,71,199,5.42713567839196,9,S4_cycle0002_E_seed1204,2,1204,E
S4,continuous,A,200,240.0,66.66666666666667,0.3,735,32,32,152.4,500ft,False,disabled,1080,238,842,1023,1023,329,406,1352,3249.379611527861,100.40413573583524,0.0,0.0,0.0,0.0,0.0,0,0.0,0.0,0.0,S4,대형 저밀도 도시 시나리오,5000,5000,100,20,200,10800,10,1080,1070,10,200,5.4,14,S4_cycle0003_A_seed1300,3,1300,A
S4,continuous,B,200,240.0,66.66666666666667,0.3,724,32,32,152.4,500ft,False,disabled,1080,622,458,36,0,305,379,305,2828.15369343343,106.52081341749911,0.0,0.0,0.0,0.0,0.0,0,0.01589082489869,0.4435185185185185,0.0333333333333333,S4,대형 저밀도 도시 시나리오,5000,5000,100,20,200,10800,10,1080,1070,10,199,5.42713567839196,12,S4_cycle0003_B_seed1301,3,1301,B
S4,continuous,C,200,240.0,66.66666666666667,0.3,751,32,32,152.4,500ft,False,disabled,1080,403,677,830,830,145,145,975,2934.9706038193417,90.76143691480624,11.5,0.0,0.0,0.0,0.0,0,0.0,0.0759259259259259,0.0,S4,대형 저밀도 도시 시나리오,5000,5000,100,20,200,10800,10,1080,1070,10,200,5.4,11,S4_cycle0003_C_seed1302,3,1302,C
S4,continuous,D,200,240.0,66.66666666666667,0.3,723,32,32,152.4,500ft,False,disabled,1080,800,280,46,0,158,159,158,2926.6364884752984,103.34630129105165,12.61111111111111,0.0,0.0,0.0,0.0,0,0.0379839269477605,0.6138888888888889,0.0416666666666666,S4,대형 저밀도 도시 시나리오,5000,5000,100,20,200,10800,10,1080,1068,12,200,5.4,12,S4_cycle0003_D_seed1303,3,1303,D
S4,continuous,E,200,240.0,66.66666666666667,0.3,734,32,32,152.4,500ft,True,disabled,1080,669,411,41,21,339,2481,360,3026.398861641395,285.90272409430213,305.4749873204293,280.3638762093184,161.3780210991112,441.7418973084295,2338.0161857691546,967,0.013269768407787,0.7731481481481481,0.0305555555555555,S4,대형 저밀도 도시 시나리오,5000,5000,100,20,200,10800,10,1080,1015,65,200,5.4,10,S4_cycle0003_E_seed1304,3,1304,E
S4,continuous,A,200,240.0,66.66666666666667,0.3,733,32,32,152.4,500ft,False,disabled,1080,281,799,1091,1091,235,273,1326,2630.7764086717875,83.18941757378762,0.0,0.0,0.0,0.0,0.0,0,0.0,0.0,0.0,S4,대형 저밀도 도시 시나리오,5000,5000,100,20,200,10800,10,1080,1071,9,200,5.4,14,S4_cycle0004_A_seed1400,4,1400,A
S4,continuous,B,200,240.0,66.66666666666667,0.3,782,32,32,152.4,500ft,False,disabled,1080,611,469,53,0,316,402,316,3299.2914273105885,116.53798581674825,0.0,0.0,0.0,0.0,0.0,0,0.0311937031104826,0.6416666666666667,0.0472222222222222,S4,대형 저밀도 도시 시나리오,5000,5000,100,20,200,10800,10,1080,1069,11,199,5.42713567839196,13,S4_cycle0004_B_seed1401,4,1401,B
S4,continuous,C,200,240.0,66.66666666666667,0.3,737,32,32,152.4,500ft,False,disabled,1080,296,784,1051,1051,175,175,1226,3102.0978004901376,105.13757469346776,10.5,0.0,0.0,0.0,0.0,0,0.0,0.1055555555555555,0.0,S4,대형 저밀도 도시 시나리오,5000,5000,100,20,200,10800,10,1080,1071,9,197,5.482233502538071,14,S4_cycle0004_C_seed1402,4,1402,C
S4,continuous,D,200,240.0,66.66666666666667,0.3,759,32,32,152.4,500ft,False,disabled,1080,786,294,38,0,166,167,166,3139.3484130142365,112.77628070950364,13.555555555555555,0.0,0.0,0.0,0.0,0,0.0130520338161937,0.6722222222222223,0.037037037037037,S4,대형 저밀도 도시 시나리오,5000,5000,100,20,200,10800,10,1080,1068,12,200,5.4,12,S4_cycle0004_D_seed1403,4,1403,D
S4,continuous,E,200,240.0,66.66666666666667,0.3,723,32,32,152.4,500ft,True,disabled,1080,659,421,58,12,296,810,308,3086.03114123802,271.6143303223635,281.55824602543174,256.5582460254322,150.5818118018938,407.14005782732494,1596.047838444083,964,0.0406004032998362,0.6638888888888889,0.0472222222222222,S4,대형 저밀도 도시 시나리오,5000,5000,100,20,200,10800,10,1080,1018,62,200,5.4,11,S4_cycle0004_E_seed1404,4,1404,E
S4,continuous,A,200,240.0,66.66666666666667,0.3,756,32,32,152.4,500ft,False,disabled,1080,245,835,1028,1028,297,359,1325,2734.658465837411,98.71226420167724,0.0,0.0,0.0,0.0,0.0,0,0.0,0.0,0.0,S4,대형 저밀도 도시 시나리오,5000,5000,100,20,200,10800,10,1080,1071,9,200,5.4,12,S4_cycle0005_A_seed1500,5,1500,A
S4,continuous,B,200,240.0,66.66666666666667,0.3,731,32,32,152.4,500ft,False,disabled,1080,654,426,57,0,282,361,282,3231.2478202842135,108.48940664440524,0.0,0.0,0.0,0.0,0.0,0,0.0231769260813551,0.6055555555555555,0.0462962962962962,S4,대형 저밀도 도시 시나리오,5000,5000,100,20,200,10800,10,1080,1069,11,199,5.42713567839196,10,S4_cycle0005_B_seed1501,5,1501,B
S4,continuous,C,200,240.0,66.66666666666667,0.3,772,32,32,152.4,500ft,False,disabled,1080,256,824,1235,1235,213,213,1448,3033.4077589222647,102.9403745172454,13.72222222222222,0.0,0.0,0.0,0.0,0,0.0,0.1046296296296296,0.0,S4,대형 저밀도 도시 시나리오,5000,5000,100,20,200,10800,10,1080,1069,11,199,5.42713567839196,13,S4_cycle0005_C_seed1502,5,1502,C
S4,continuous,D,200,240.0,66.66666666666667,0.3,770,32,32,152.4,500ft,False,disabled,1080,682,398,27,0,242,242,242,3094.4106999492656,126.9805448989423,18.666666666666668,0.0,0.0,0.0,0.0,0,0.0277110434478877,0.6953703703703704,0.025,S4,대형 저밀도 도시 시나리오,5000,5000,100,20,200,10800,10,1080,1067,13,199,5.42713567839196,12,S4_cycle0005_D_seed1503,5,1503,D
S4,continuous,E,200,240.0,66.66666666666667,0.3,742,32,32,152.4,500ft,True,disabled,1080,622,458,42,7,361,1893,368,3030.1904417367177,326.7322886831229,326.76332258269804,300.5411003604759,191.86575070895927,492.4068510694352,1810.9537970298552,972,0.0747449587390919,0.7453703703703703,0.0361111111111111,S4,대형 저밀도 도시 시나리오,5000,5000,100,20,200,10800,10,1080,1014,66,200,5.4,10,S4_cycle0005_E_seed1504,5,1504,E
S4,continuous,A,200,240.0,66.66666666666667,0.3,749,32,32,152.4,500ft,False,disabled,1080,220,860,1454,1454,238,302,1692,3168.1509321416615,93.6046667687868,0.0,0.0,0.0,0.0,0.0,0,0.0,0.0,0.0,S4,대형 저밀도 도시 시나리오,5000,5000,100,20,200,10800,10,1080,1072,8,200,5.4,12,S4_cycle0006_A_seed1600,6,1600,A
S4,continuous,B,200,240.0,66.66666666666667,0.3,733,32,32,152.4,500ft,False,disabled,1080,583,497,27,0,333,413,333,2468.2758139867374,99.98124347178435,0.0,0.0,0.0,0.0,0.0,0,0.0114766828152971,0.437037037037037,0.0259259259259259,S4,대형 저밀도 도시 시나리오,5000,5000,100,20,200,10800,10,1080,1068,12,200,5.4,13,S4_cycle0006_B_seed1601,6,1601,B
S4,continuous,C,200,240.0,66.66666666666667,0.3,746,32,32,152.4,500ft,False,disabled,1080,320,760,1083,1083,148,148,1231,2635.382887019093,86.68985076793975,10.11111111111111,0.0,0.0,0.0,0.0,0,0.0,0.075,0.0,S4,대형 저밀도 도시 시나리오,5000,5000,100,20,200,10800,10,1080,1073,7,200,5.4,13,S4_cycle0006_C_seed1602,6,1602,C
S4,continuous,D,200,240.0,66.66666666666667,0.3,747,32,32,152.4,500ft,False,disabled,1080,786,294,46,0,176,178,176,2801.984242359015,112.04083595530136,14.38888888888889,0.0,0.0,0.0,0.0,0,0.028720131584419,0.6722222222222223,0.0425925925925925,S4,대형 저밀도 도시 시나리오,5000,5000,100,20,200,10800,10,1080,1068,12,200,5.4,13,S4_cycle0006_D_seed1603,6,1603,D
S4,continuous,E,200,240.0,66.66666666666667,0.3,721,32,32,152.4,500ft,True,disabled,1080,678,402,16,2,400,5109,402,3302.3182484672693,337.03542147278836,323.17542949845796,305.8420961651248,211.54958651126228,517.391682676387,2701.9688917307394,977,0.0090372428086544,0.7240740740740741,0.0148148148148148,S4,대형 저밀도 도시 시나리오,5000,5000,100,20,200,10800,10,1080,999,81,199,5.42713567839196,9,S4_cycle0006_E_seed1604,6,1604,E
S4,continuous,A,200,240.0,66.66666666666667,0.3,751,32,32,152.4,500ft,False,disabled,1080,260,820,1139,1139,294,378,1433,3151.2005237340923,99.56285393109113,0.0,0.0,0.0,0.0,0.0,0,0.0,0.0,0.0,S4,대형 저밀도 도시 시나리오,5000,5000,100,20,200,10800,10,1080,1070,10,199,5.42713567839196,14,S4_cycle0007_A_seed1700,7,1700,A
S4,continuous,B,200,240.0,66.66666666666667,0.3,750,32,32,152.4,500ft,False,disabled,1080,632,448,35,0,295,384,295,3116.9481855475497,110.147568621573,0.0,0.0,0.0,0.0,0.0,0,0.0114421743308917,0.575925925925926,0.0333333333333333,S4,대형 저밀도 도시 시나리오,5000,5000,100,20,200,10800,10,1080,1067,13,200,5.4,12,S4_cycle0007_B_seed1701,7,1701,B
S4,continuous,C,200,240.0,66.66666666666667,0.3,747,32,32,152.4,500ft,False,disabled,1080,351,729,1027,1027,149,149,1176,2739.8712012852516,90.69226952011296,10.27777777777778,0.0,0.0,0.0,0.0,0,0.0,0.0851851851851851,0.0,S4,대형 저밀도 도시 시나리오,5000,5000,100,20,200,10800,10,1080,1068,12,199,5.42713567839196,11,S4_cycle0007_C_seed1702,7,1702,C
S4,continuous,D,200,240.0,66.66666666666667,0.3,774,32,32,152.4,500ft,False,disabled,1080,744,336,43,0,200,200,200,2856.3452514583923,111.70404734757734,14.055555555555555,0.0,0.0,0.0,0.0,0,0.0221028403330752,0.6518518518518519,0.0444444444444444,S4,대형 저밀도 도시 시나리오,5000,5000,100,20,200,10800,10,1080,1070,10,199,5.42713567839196,13,S4_cycle0007_D_seed1703,7,1703,D
S4,continuous,E,200,240.0,66.66666666666667,0.3,716,32,32,152.4,500ft,True,disabled,1080,662,418,30,4,343,2126,347,3028.7373716277793,332.99705206597486,330.01141669236966,308.1225278034811,202.87501686506,510.99754466854057,1864.5462495542852,985,0.0131101647322915,0.7333333333333333,0.0277777777777777,S4,대형 저밀도 도시 시나리오,5000,5000,100,20,200,10800,10,1080,1010,70,200,5.4,9,S4_cycle0007_E_seed1704,7,1704,E
S4,continuous,A,200,240.0,66.66666666666667,0.3,751,32,32,152.4,500ft,False,disabled,1080,275,805,1034,1034,285,344,1319,2911.7755348747864,102.9493455879818,0.0,0.0,0.0,0.0,0.0,0,0.0,0.0,0.0,S4,대형 저밀도 도시 시나리오,5000,5000,100,20,200,10800,10,1080,1069,11,199,5.42713567839196,12,S4_cycle0008_A_seed1800,8,1800,A
S4,continuous,B,200,240.0,66.66666666666667,0.3,755,32,32,152.4,500ft,False,disabled,1080,637,443,31,0,275,344,275,2935.973187357732,104.78330236298837,0.0,0.0,0.0,0.0,0.0,0,0.0150063587826425,0.5453703703703704,0.0277777777777777,S4,대형 저밀도 도시 시나리오,5000,5000,100,20,200,10800,10,1080,1067,13,200,5.4,12,S4_cycle0008_B_seed1801,8,1801,B
S4,continuous,C,200,240.0,66.66666666666667,0.3,782,32,32,152.4,500ft,False,disabled,1080,364,716,856,856,170,170,1026,3060.683778011949,106.81818398943282,12.72222222222222,0.0,0.0,0.0,0.0,0,0.0,0.1046296296296296,0.0,S4,대형 저밀도 도시 시나리오,5000,5000,100,20,200,10800,10,1080,1070,10,199,5.42713567839196,13,S4_cycle0008_C_seed1802,8,1802,C
S4,continuous,D,200,240.0,66.66666666666667,0.3,745,32,32,152.4,500ft,False,disabled,1080,770,310,45,0,179,180,179,3003.618073241708,103.3146548402904,14.11111111111111,0.0,0.0,0.0,0.0,0,0.033377323338273,0.6055555555555555,0.0407407407407407,S4,대형 저밀도 도시 시나리오,5000,5000,100,20,200,10800,10,1080,1069,11,200,5.4,12,S4_cycle0008_D_seed1803,8,1803,D
S4,continuous,E,200,240.0,66.66666666666667,0.3,765,32,32,152.4,500ft,True,disabled,1080,710,370,25,6,243,824,249,3127.9017435171,293.7030598424615,264.1753129641415,248.00864629747497,176.3529774686522,424.3616237661268,1591.0217047427504,972,0.0079005871339017,0.7490740740740741,0.0203703703703703,S4,대형 저밀도 도시 시나리오,5000,5000,100,20,200,10800,10,1080,1010,70,200,5.4,11,S4_cycle0008_E_seed1804,8,1804,E
S4,continuous,A,200,240.0,66.66666666666667,0.3,774,32,32,152.4,500ft,False,disabled,1080,277,803,1059,1059,251,297,1310,2874.0203869249385,89.00232309056776,0.0,0.0,0.0,0.0,0.0,0,0.0,0.0,0.0,S4,대형 저밀도 도시 시나리오,5000,5000,100,20,200,10800,10,1080,1070,10,200,5.4,14,S4_cycle0009_A_seed1900,9,1900,A
S4,continuous,B,200,240.0,66.66666666666667,0.3,758,32,32,152.4,500ft,False,disabled,1080,594,486,32,0,321,403,321,3011.238460793556,110.37199181445612,0.0,0.0,0.0,0.0,0.0,0,0.036873035135309,0.5166666666666667,0.0296296296296296,S4,대형 저밀도 도시 시나리오,5000,5000,100,20,200,10800,10,1080,1067,13,200,5.4,13,S4_cycle0009_B_seed1901,9,1901,B
S4,continuous,C,200,240.0,66.66666666666667,0.3,767,32,32,152.4,500ft,False,disabled,1080,454,626,764,764,139,140,903,2619.040739383829,85.28961589876174,10.38888888888889,0.0,0.0,0.0,0.0,0,0.0,0.0694444444444444,0.0,S4,대형 저밀도 도시 시나리오,5000,5000,100,20,200,10800,10,1080,1071,9,199,5.42713567839196,14,S4_cycle0009_C_seed1902,9,1902,C
S4,continuous,D,200,240.0,66.66666666666667,0.3,794,32,32,152.4,500ft,False,disabled,1080,750,330,37,0,193,194,193,2995.134312111469,115.29592983604952,15.38888888888889,0.0,0.0,0.0,0.0,0,0.0297937907699901,0.5638888888888889,0.0305555555555555,S4,대형 저밀도 도시 시나리오,5000,5000,100,20,200,10800,10,1080,1066,14,198,5.454545454545454,12,S4_cycle0009_D_seed1903,9,1903,D
S4,continuous,E,200,240.0,66.66666666666667,0.3,737,32,32,152.4,500ft,True,disabled,1080,624,456,20,4,329,760,333,3125.1630729815793,300.08622722996563,307.8215456032668,288.6548789366003,166.07037036721923,454.72524930382,1719.2636089689613,966,0.009080419516484,0.7555555555555555,0.0194444444444444,S4,대형 저밀도 도시 시나리오,5000,5000,100,20,200,10800,10,1080,1016,64,200,5.4,10,S4_cycle0009_E_seed1904,9,1904,E
S4,continuous,A,200,240.0,66.66666666666667,0.3,757,32,32,152.4,500ft,False,disabled,1080,256,824,1205,1205,251,296,1456,2900.7589832761596,93.07730528301715,0.0,0.0,0.0,0.0,0.0,0,0.0,0.0,0.0,S4,대형 저밀도 도시 시나리오,5000,5000,100,20,200,10800,10,1080,1070,10,198,5.454545454545454,12,S4_cycle0010_A_seed2000,10,2000,A
S4,continuous,B,200,240.0,66.66666666666667,0.3,770,32,32,152.4,500ft,False,disabled,1080,646,434,68,0,272,340,272,3268.9218101907163,102.64800976824796,0.0,0.0,0.0,0.0,0.0,0,0.0511602499243419,0.5805555555555556,0.0629629629629629,S4,대형 저밀도 도시 시나리오,5000,5000,100,20,200,10800,10,1080,1073,7,198,5.454545454545454,13,S4_cycle0010_B_seed2001,10,2001,B
S4,continuous,C,200,240.0,66.66666666666667,0.3,735,32,32,152.4,500ft,False,disabled,1080,348,732,987,987,159,159,1146,3027.386453924095,99.69104221051674,11.38888888888889,0.0,0.0,0.0,0.0,0,0.0,0.1037037037037037,0.0,S4,대형 저밀도 도시 시나리오,5000,5000,100,20,200,10800,10,1080,1070,10,199,5.42713567839196,15,S4_cycle0010_C_seed2002,10,2002,C
S4,continuous,D,200,240.0,66.66666666666667,0.3,816,32,32,152.4,500ft,False,disabled,1080,725,355,56,0,204,204,204,2820.2057384222994,111.61827730628195,13.77777777777778,0.0,0.0,0.0,0.0,0,0.0494746453524,0.5972222222222222,0.049074074074074,S4,대형 저밀도 도시 시나리오,5000,5000,100,20,200,10800,10,1080,1066,14,200,5.4,13,S4_cycle0010_D_seed2003,10,2003,D
S4,continuous,E,200,240.0,66.66666666666667,0.3,753,32,32,152.4,500ft,True,disabled,1080,657,423,33,10,295,1144,305,3065.505151561703,308.29830739849996,298.08736331012653,278.3651410879041,189.60614914732187,467.97129023522666,1723.7385460089754,980,0.015948615982063,0.774074074074074,0.0259259259259259,S4,대형 저밀도 도시 시나리오,5000,5000,100,20,200,10800,10,1080,1010,70,200,5.4,10,S4_cycle0010_E_seed2004,10,2004,E
S5,continuous,A,300,240.0,66.66666666666667,0.35,1238,40,40,152.4,500ft,False,disabled,1080,205,875,1479,1479,237,277,1716,3419.9814813068174,100.9759769657869,0.0,0.0,0.0,0.0,0.0,0,0.0,0.0,0.0,S5,대형 일반 밀도 도시 시나리오,6000,6000,100,20,300,10800,10,1080,1070,10,294,3.673469387755102,10,S5_cycle0000_A_seed1000,0,1000,A
S5,continuous,B,300,240.0,66.66666666666667,0.35,1286,40,40,152.4,500ft,False,disabled,1080,688,392,32,0,242,320,242,3636.361110925936,118.45152448129306,0.0,0.0,0.0,0.0,0.0,0,0.0336606473919314,0.7407407407407407,0.0314814814814814,S5,대형 일반 밀도 도시 시나리오,6000,6000,100,20,300,10800,10,1080,1069,11,292,3.6986301369863015,10,S5_cycle0000_B_seed1001,0,1001,B
S5,continuous,C,300,240.0,66.66666666666667,0.35,1239,40,40,152.4,500ft,False,disabled,1080,252,828,1570,1570,120,121,1690,3547.597875539211,100.20330894826382,7.944444444444445,0.0,0.0,0.0,0.0,0,0.0,0.0731481481481481,0.0,S5,대형 일반 밀도 도시 시나리오,6000,6000,100,20,300,10800,10,1080,1072,8,292,3.6986301369863015,10,S5_cycle0000_C_seed1002,0,1002,C
S5,continuous,D,300,240.0,66.66666666666667,0.35,1273,40,40,152.4,500ft,False,disabled,1080,823,257,57,0,147,147,147,3623.7814474203224,117.27904716320376,10.0,0.0,0.0,0.0,0.0,0,0.0425122988510361,0.7074074074074074,0.0574074074074074,S5,대형 일반 밀도 도시 시나리오,6000,6000,100,20,300,10800,10,1080,1067,13,292,3.6986301369863015,9,S5_cycle0000_D_seed1003,0,1003,D
S5,continuous,E,300,240.0,66.66666666666667,0.35,1254,40,40,152.4,500ft,True,disabled,1080,754,326,23,1,209,481,210,3576.8998531397183,229.5461153197888,168.4689614744236,155.85785036331245,101.06873284982078,256.9265832131332,1266.042099083581,874,0.0134830523510548,0.7388888888888889,0.0203703703703703,S5,대형 일반 밀도 도시 시나리오,6000,6000,100,20,300,10800,10,1080,1038,42,294,3.673469387755102,8,S5_cycle0000_E_seed1004,0,1004,E
S5,continuous,A,300,240.0,66.66666666666667,0.35,1348,40,40,152.4,500ft,False,disabled,1080,141,939,1949,1949,207,250,2156,3523.830193373726,105.39371130190096,0.0,0.0,0.0,0.0,0.0,0,0.0,0.0,0.0,S5,대형 일반 밀도 도시 시나리오,6000,6000,100,20,300,10800,10,1080,1068,12,290,3.724137931034482,8,S5_cycle0001_A_seed1100,1,1100,A
S5,continuous,B,300,240.0,66.66666666666667,0.35,1235,40,40,152.4,500ft,False,disabled,1080,726,354,65,0,231,286,231,3370.1099237686435,114.63041883955054,0.0,0.0,0.0,0.0,0.0,0,0.0543073346800571,0.6981481481481482,0.0555555555555555,S5,대형 일반 밀도 도시 시나리오,6000,6000,100,20,300,10800,10,1080,1070,10,291,3.711340206185567,9,S5_cycle0001_B_seed1101,1,1101,B
S5,continuous,C,300,240.0,66.66666666666667,0.35,1250,40,40,152.4,500ft,False,disabled,1080,294,786,1226,1226,148,148,1374,3533.2350064803263,111.30444165211456,9.166666666666666,0.0,0.0,0.0,0.0,0,0.0,0.0805555555555555,0.0,S5,대형 일반 밀도 도시 시나리오,6000,6000,100,20,300,10800,10,1080,1069,11,292,3.6986301369863015,10,S5_cycle0001_C_seed1102,1,1102,C
S5,continuous,D,300,240.0,66.66666666666667,0.35,1228,40,40,152.4,500ft,False,disabled,1080,860,220,43,0,120,120,120,3484.5762136531857,105.56700555866544,9.444444444444445,0.0,0.0,0.0,0.0,0,0.0312772837152324,0.6509259259259259,0.0388888888888888,S5,대형 일반 밀도 도시 시나리오,6000,6000,100,20,300,10800,10,1080,1072,8,286,3.776223776223776,10,S5_cycle0001_D_seed1103,1,1103,D
S5,continuous,E,300,240.0,66.66666666666667,0.35,1298,40,40,152.4,500ft,True,disabled,1080,816,264,47,5,154,263,159,3073.220225290862,208.23916746650545,154.40694907832605,146.2402824116593,98.19358700150168,244.4338694131612,1528.764101084168,859,0.0588191420074732,0.7388888888888889,0.0435185185185185,S5,대형 일반 밀도 도시 시나리오,6000,6000,100,20,300,10800,10,1080,1043,37,297,3.636363636363636,9,S5_cycle0001_E_seed1104,1,1104,E
S5,continuous,A,300,240.0,66.66666666666667,0.35,1247,40,40,152.4,500ft,False,disabled,1080,229,851,1636,1636,217,265,1853,3485.882643512389,98.76062547846443,0.0,0.0,0.0,0.0,0.0,0,0.0,0.0,0.0,S5,대형 일반 밀도 도시 시나리오,6000,6000,100,20,300,10800,10,1080,1070,10,288,3.75,9,S5_cycle0002_A_seed1200,2,1200,A
S5,continuous,B,300,240.0,66.66666666666667,0.35,1310,40,40,152.4,500ft,False,disabled,1080,708,372,91,0,228,286,228,3378.6243778802805,105.4548542396266,0.0,0.0,0.0,0.0,0.0,0,0.0540136616875591,0.6231481481481481,0.0759259259259259,S5,대형 일반 밀도 도시 시나리오,6000,6000,100,20,300,10800,10,1080,1073,7,291,3.711340206185567,12,S5_cycle0002_B_seed1201,2,1201,B
S5,continuous,C,300,240.0,66.66666666666667,0.35,1294,40,40,152.4,500ft,False,disabled,1080,304,776,1337,1337,141,141,1478,3304.993069714323,101.69681987749064,8.944444444444445,0.0,0.0,0.0,0.0,0,0.0,0.0796296296296296,0.0,S5,대형 일반 밀도 도시 시나리오,6000,6000,100,20,300,10800,10,1080,1069,11,293,3.6860068259385663,10,S5_cycle0002_C_seed1202,2,1202,C
S5,continuous,D,300,240.0,66.66666666666667,0.35,1270,40,40,152.4,500ft,False,disabled,1080,807,273,78,0,153,153,153,3397.6977574719995,119.30376421197504,9.5,0.0,0.0,0.0,0.0,0,0.0549194110196398,0.6425925925925926,0.0666666666666666,S5,대형 일반 밀도 도시 시나리오,6000,6000,100,20,300,10800,10,1080,1068,12,294,3.673469387755102,10,S5_cycle0002_D_seed1203,2,1203,D
S5,continuous,E,300,240.0,66.66666666666667,0.35,1299,40,40,152.4,500ft,True,disabled,1080,773,307,44,5,186,262,191,3548.3381166447502,223.9563453984156,153.4583410385681,142.79167437190145,97.42684042233977,240.21851479424137,1350.6904903145396,855,0.020584314483647,0.7666666666666667,0.0379629629629629,S5,대형 일반 밀도 도시 시나리오,6000,6000,100,20,300,10800,10,1080,1042,38,298,3.624161073825503,9,S5_cycle0002_E_seed1204,2,1204,E
S5,continuous,A,300,240.0,66.66666666666667,0.35,1236,40,40,152.4,500ft,False,disabled,1080,222,858,1440,1440,257,337,1697,3359.217024290694,108.35280961062104,0.0,0.0,0.0,0.0,0.0,0,0.0,0.0,0.0,S5,대형 일반 밀도 도시 시나리오,6000,6000,100,20,300,10800,10,1080,1069,11,290,3.724137931034482,10,S5_cycle0003_A_seed1300,3,1300,A
S5,continuous,B,300,240.0,66.66666666666667,0.35,1186,40,40,152.4,500ft,False,disabled,1080,700,380,51,0,242,315,242,3521.1576384569194,117.36621901522564,0.0,0.0,0.0,0.0,0.0,0,0.028825997356112,0.5796296296296296,0.0472222222222222,S5,대형 일반 밀도 도시 시나리오,6000,6000,100,20,300,10800,10,1080,1069,11,290,3.724137931034482,9,S5_cycle0003_B_seed1301,3,1301,B
S5,continuous,C,300,240.0,66.66666666666667,0.35,1255,40,40,152.4,500ft,False,disabled,1080,388,692,926,926,163,163,1089,3210.400375130318,108.1472152881594,11.055555555555555,0.0,0.0,0.0,0.0,0,0.0,0.0814814814814814,0.0,S5,대형 일반 밀도 도시 시나리오,6000,6000,100,20,300,10800,10,1080,1067,13,296,3.6486486486486487,9,S5_cycle0003_C_seed1302,3,1302,C
S5,continuous,D,300,240.0,66.66666666666667,0.35,1258,40,40,152.4,500ft,False,disabled,1080,812,268,52,0,159,160,159,3257.730870457071,118.06753920126827,10.61111111111111,0.0,0.0,0.0,0.0,0,0.0667521058279962,0.6231481481481481,0.0416666666666666,S5,대형 일반 밀도 도시 시나리오,6000,6000,100,20,300,10800,10,1080,1064,16,290,3.724137931034482,9,S5_cycle0003_D_seed1303,3,1303,D
S5,continuous,E,300,240.0,66.66666666666667,0.35,1262,40,40,152.4,500ft,True,disabled,1080,805,275,30,2,160,286,162,3509.400269076503,230.86323861618268,156.89935186004175,145.01046297115286,104.9466071124034,249.9570700835556,1063.9279854451488,853,0.0203038088902232,0.7481481481481481,0.025,S5,대형 일반 밀도 도시 시나리오,6000,6000,100,20,300,10800,10,1080,1041,39,295,3.6610169491525424,9,S5_cycle0003_E_seed1304,3,1304,E
S5,continuous,A,300,240.0,66.66666666666667,0.35,1253,40,40,152.4,500ft,False,disabled,1080,180,900,1845,1845,226,291,2071,3519.458151878061,104.99603761780769,0.0,0.0,0.0,0.0,0.0,0,0.0,0.0,0.0,S5,대형 일반 밀도 도시 시나리오,6000,6000,100,20,300,10800,10,1080,1069,11,283,3.816254416961131,10,S5_cycle0004_A_seed1400,4,1400,A
S5,continuous,B,300,240.0,66.66666666666667,0.35,1288,40,40,152.4,500ft,False,disabled,1080,699,381,34,0,235,297,235,3476.190487554933,121.83147372043577,0.0,0.0,0.0,0.0,0.0,0,0.0359185122344709,0.6064814814814815,0.0314814814814814,S5,대형 일반 밀도 도시 시나리오,6000,6000,100,20,300,10800,10,1080,1068,12,296,3.6486486486486487,10,S5_cycle0004_B_seed1401,4,1401,B
S5,continuous,C,300,240.0,66.66666666666667,0.35,1287,40,40,152.4,500ft,False,disabled,1080,265,815,1479,1479,130,130,1609,3388.53608013056,100.92794205909392,9.11111111111111,0.0,0.0,0.0,0.0,0,0.0,0.0629629629629629,0.0,S5,대형 일반 밀도 도시 시나리오,6000,6000,100,20,300,10800,10,1080,1069,11,292,3.6986301369863015,11,S5_cycle0004_C_seed1402,4,1402,C
S5,continuous,D,300,240.0,66.66666666666667,0.35,1248,40,40,152.4,500ft,False,disabled,1080,834,246,59,0,136,136,136,3579.9862796251787,117.17483617210624,9.333333333333334,0.0,0.0,0.0,0.0,0,0.0298446957612245,0.6981481481481482,0.0435185185185185,S5,대형 일반 밀도 도시 시나리오,6000,6000,100,20,300,10800,10,1080,1068,12,291,3.711340206185567,12,S5_cycle0004_D_seed1403,4,1403,D
S5,continuous,E,300,240.0,66.66666666666667,0.35,1212,40,40,152.4,500ft,True,disabled,1080,752,328,32,0,200,255,200,3787.671150505377,225.43964743399644,158.1429441198349,144.8096107865015,92.29028970700074,237.09990049350256,1400.1546851641642,879,0.0201792952201741,0.812962962962963,0.025,S5,대형 일반 밀도 도시 시나리오,6000,6000,100,20,300,10800,10,1080,1039,41,296,3.6486486486486487,8,S5_cycle0004_E_seed1404,4,1404,E
S5,continuous,A,300,240.0,66.66666666666667,0.35,1287,40,40,152.4,500ft,False,disabled,1080,200,880,1475,1475,231,273,1706,3370.1837098498218,96.66235287557429,0.0,0.0,0.0,0.0,0.0,0,0.0,0.0,0.0,S5,대형 일반 밀도 도시 시나리오,6000,6000,100,20,300,10800,10,1080,1070,10,294,3.673469387755102,11,S5_cycle0005_A_seed1500,5,1500,A
S5,continuous,B,300,240.0,66.66666666666667,0.35,1237,40,40,152.4,500ft,False,disabled,1080,693,387,38,0,236,294,236,3299.881373778022,114.43766345996762,0.0,0.0,0.0,0.0,0.0,0,0.0181454077914858,0.6259259259259259,0.0324074074074074,S5,대형 일반 밀도 도시 시나리오,6000,6000,100,20,300,10800,10,1080,1069,11,294,3.673469387755102,10,S5_cycle0005_B_seed1501,5,1501,B
S5,continuous,C,300,240.0,66.66666666666667,0.35,1282,40,40,152.4,500ft,False,disabled,1080,276,804,1586,1586,119,119,1705,3615.364114302832,105.542390570262,8.333333333333334,0.0,0.0,0.0,0.0,0,0.0,0.0824074074074074,0.0,S5,대형 일반 밀도 도시 시나리오,6000,6000,100,20,300,10800,10,1080,1068,12,293,3.6860068259385663,9,S5_cycle0005_C_seed1502,5,1502,C
S5,continuous,D,300,240.0,66.66666666666667,0.35,1288,40,40,152.4,500ft,False,disabled,1080,857,223,49,0,124,124,124,3640.9329583471103,116.41845651098758,9.22222222222222,0.0,0.0,0.0,0.0,0,0.0329722038451307,0.7379629629629629,0.0462962962962962,S5,대형 일반 밀도 도시 시나리오,6000,6000,100,20,300,10800,10,1080,1067,13,293,3.6860068259385663,9,S5_cycle0005_D_seed1503,5,1503,D
S5,continuous,E,300,240.0,66.66666666666667,0.35,1292,40,40,152.4,500ft,True,disabled,1080,770,310,34,0,187,296,187,3371.884346884965,212.39619663409644,154.0256962616998,146.35902959503312,91.38116997961892,237.74019957465185,1263.652077155086,858,0.0397175459484765,0.7509259259259259,0.0314814814814814,S5,대형 일반 밀도 도시 시나리오,6000,6000,100,20,300,10800,10,1080,1039,41,297,3.636363636363636,9,S5_cycle0005_E_seed1504,5,1504,E
S5,continuous,A,300,240.0,66.66666666666667,0.35,1270,40,40,152.4,500ft,False,disabled,1080,177,903,1830,1830,220,268,2050,3303.2709775796557,99.22450635134462,0.0,0.0,0.0,0.0,0.0,0,0.0,0.0,0.0,S5,대형 일반 밀도 도시 시나리오,6000,6000,100,20,300,10800,10,1080,1071,9,295,3.6610169491525424,11,S5_cycle0006_A_seed1600,6,1600,A
S5,continuous,B,300,240.0,66.66666666666667,0.35,1260,40,40,152.4,500ft,False,disabled,1080,711,369,54,0,234,316,234,3404.777179644273,113.315647071129,0.0,0.0,0.0,0.0,0.0,0,0.0296736596157828,0.5657407407407408,0.0509259259259259,S5,대형 일반 밀도 도시 시나리오,6000,6000,100,20,300,10800,10,1080,1070,10,294,3.673469387755102,11,S5_cycle0006_B_seed1601,6,1601,B
S5,continuous,C,300,240.0,66.66666666666667,0.35,1245,40,40,152.4,500ft,False,disabled,1080,328,752,1228,1228,138,138,1366,3240.6989396612253,99.21571026582602,10.166666666666666,0.0,0.0,0.0,0.0,0,0.0,0.0814814814814814,0.0,S5,대형 일반 밀도 도시 시나리오,6000,6000,100,20,300,10800,10,1080,1070,10,295,3.6610169491525424,9,S5_cycle0006_C_seed1602,6,1602,C
S5,continuous,D,300,240.0,66.66666666666667,0.35,1255,40,40,152.4,500ft,False,disabled,1080,839,241,60,0,139,139,139,3511.8409656638228,118.99783694589478,12.77777777777778,0.0,0.0,0.0,0.0,0,0.0900317685016394,0.6981481481481482,0.0555555555555555,S5,대형 일반 밀도 도시 시나리오,6000,6000,100,20,300,10800,10,1080,1067,13,295,3.6610169491525424,9,S5_cycle0006_D_seed1603,6,1603,D
S5,continuous,E,300,240.0,66.66666666666667,0.35,1220,40,40,152.4,500ft,True,disabled,1080,755,325,22,2,196,238,198,3341.7734230454075,215.07954749158336,151.5658826308821,140.17699374199316,103.55475212890876,243.73174587090185,1180.2794866482163,865,0.0244889640491271,0.7759259259259259,0.0203703703703703,S5,대형 일반 밀도 도시 시나리오,6000,6000,100,20,300,10800,10,1080,1039,41,293,3.6860068259385663,9,S5_cycle0006_E_seed1604,6,1604,E
S5,continuous,A,300,240.0,66.66666666666667,0.35,1270,40,40,152.4,500ft,False,disabled,1080,208,872,1699,1699,202,247,1901,3365.003176614535,90.40987491556106,0.0,0.0,0.0,0.0,0.0,0,0.0,0.0,0.0,S5,대형 일반 밀도 도시 시나리오,6000,6000,100,20,300,10800,10,1080,1070,10,293,3.6860068259385663,9,S5_cycle0007_A_seed1700,7,1700,A
S5,continuous,B,300,240.0,66.66666666666667,0.35,1210,40,40,152.4,500ft,False,disabled,1080,605,475,30,0,293,377,293,3714.697279291143,126.43856284974324,0.0,0.0,0.0,0.0,0.0,0,0.0260183953322508,0.6657407407407407,0.0222222222222222,S5,대형 일반 밀도 도시 시나리오,6000,6000,100,20,300,10800,10,1080,1065,15,295,3.6610169491525424,10,S5_cycle0007_B_seed1701,7,1701,B
S5,continuous,C,300,240.0,66.66666666666667,0.35,1273,40,40,152.4,500ft,False,disabled,1080,253,827,1492,1492,143,143,1635,3453.7078139087994,105.65157466046824,10.61111111111111,0.0,0.0,0.0,0.0,0,0.0,0.0703703703703703,0.0,S5,대형 일반 밀도 도시 시나리오,6000,6000,100,20,300,10800,10,1080,1070,10,291,3.711340206185567,8,S5_cycle0007_C_seed1702,7,1702,C
S5,continuous,D,300,240.0,66.66666666666667,0.35,1264,40,40,152.4,500ft,False,disabled,1080,825,255,33,0,144,144,144,3733.238663962372,123.12645877351284,12.0,0.0,0.0,0.0,0.0,0,0.0177985857499609,0.6916666666666667,0.0314814814814814,S5,대형 일반 밀도 도시 시나리오,6000,6000,100,20,300,10800,10,1080,1066,14,293,3.6860068259385663,10,S5_cycle0007_D_seed1703,7,1703,D
S5,continuous,E,300,240.0,66.66666666666667,0.35,1241,40,40,152.4,500ft,True,disabled,1080,775,305,24,0,183,244,183,3160.698254763292,224.27723335936236,156.5219336116401,145.85526694497335,104.61648615610255,250.47175310107613,968.9529310776524,860,0.0317845759851513,0.7703703703703704,0.0222222222222222,S5,대형 일반 밀도 도시 시나리오,6000,6000,100,20,300,10800,10,1080,1039,41,296,3.6486486486486487,9,S5_cycle0007_E_seed1704,7,1704,E
S6,continuous,A,360,240.0,66.66666666666667,0.45,1642,40,40,152.4,500ft,False,disabled,1080,185,895,1951,1951,209,253,2160,3428.865020367418,91.52584909896508,0.0,0.0,0.0,0.0,0.0,0,0.0,0.0,0.0,S6,대형 고밀도 스트레스 시나리오,6000,6000,100,20,360,10800,10,1080,1071,9,335,3.223880597014926,9,S6_cycle0000_A_seed1000,0,1000,A
S6,continuous,B,360,240.0,66.66666666666667,0.45,1675,40,40,152.4,500ft,False,disabled,1080,683,397,65,0,241,297,241,3409.102075405149,107.6873795184126,0.0,0.0,0.0,0.0,0.0,0,0.0419699907024052,0.7185185185185186,0.0564814814814814,S6,대형 고밀도 스트레스 시나리오,6000,6000,100,20,360,10800,10,1080,1071,9,343,3.1486880466472305,8,S6_cycle0000_B_seed1001,0,1001,B
S6,continuous,C,360,240.0,66.66666666666667,0.45,1633,40,40,152.4,500ft,False,disabled,1080,248,832,1773,1773,126,126,1899,3420.2109601698207,99.50058886839756,9.444444444444445,0.0,0.0,0.0,0.0,0,0.0,0.0777777777777777,0.0,S6,대형 고밀도 스트레스 시나리오,6000,6000,100,20,360,10800,10,1080,1068,12,343,3.1486880466472305,9,S6_cycle0000_C_seed1002,0,1002,C
S6,continuous,D,360,240.0,66.66666666666667,0.45,1642,40,40,152.4,500ft,False,disabled,1080,767,313,47,0,177,177,177,3561.911718131345,118.28224920638418,11.444444444444445,0.0,0.0,0.0,0.0,0,0.0728819534394827,0.7833333333333333,0.0388888888888888,S6,대형 고밀도 스트레스 시나리오,6000,6000,100,20,360,10800,10,1080,1071,9,343,3.1486880466472305,10,S6_cycle0000_D_seed1003,0,1003,D
S6,continuous,E,360,240.0,66.66666666666667,0.45,1610,40,40,152.4,500ft,True,disabled,1080,730,350,37,7,211,378,218,3697.686600068982,245.25302767574848,179.20462659858464,168.42684882080692,111.94343255334029,280.37028137414694,1357.1660012676311,882,0.0648490082799163,0.8287037037037037,0.0342592592592592,S6,대형 고밀도 스트레스 시나리오,6000,6000,100,20,360,10800,10,1080,1035,45,349,3.0945558739255015,8,S6_cycle0000_E_seed1004,0,1004,E
S6,continuous,A,360,240.0,66.66666666666667,0.45,1697,40,40,152.4,500ft,False,disabled,1080,133,947,2342,2342,211,261,2553,3424.7117624888583,102.138995593612,0.0,0.0,0.0,0.0,0.0,0,0.0,0.0,0.0,S6,대형 고밀도 스트레스 시나리오,6000,6000,100,20,360,10800,10,1080,1071,9,342,3.1578947368421053,8,S6_cycle0001_A_seed1100,1,1100,A
S6,continuous,B,360,240.0,66.66666666666667,0.45,1559,40,40,152.4,500ft,False,disabled,1080,700,380,65,0,241,325,241,3392.0779024383646,115.10583865811311,0.0,0.0,0.0,0.0,0.0,0,0.0479536099911511,0.7564814814814815,0.0537037037037037,S6,대형 고밀도 스트레스 시나리오,6000,6000,100,20,360,10800,10,1080,1070,10,346,3.121387283236994,9,S6_cycle0001_B_seed1101,1,1101,B
S6,continuous,C,360,240.0,66.66666666666667,0.45,1643,40,40,152.4,500ft,False,disabled,1080,253,827,1405,1405,118,118,1523,3260.587405472149,98.29511602422056,8.555555555555555,0.0,0.0,0.0,0.0,0,0.0,0.0601851851851851,0.0,S6,대형 고밀도 스트레스 시나리오,6000,6000,100,20,360,10800,10,1080,1069,11,345,3.130434782608696,8,S6_cycle0001_C_seed1102,1,1102,C
S6,continuous,D,360,240.0,66.66666666666667,0.45,1603,40,40,152.4,500ft,False,disabled,1080,796,284,28,0,160,161,160,3278.574808371703,118.5731464070074,9.88888888888889,0.0,0.0,0.0,0.0,0,0.0517105782013231,0.7444444444444445,0.0259259259259259,S6,대형 고밀도 스트레스 시나리오,6000,6000,100,20,360,10800,10,1080,1069,11,338,3.195266272189349,9,S6_cycle0001_D_seed1103,1,1103,D
S6,continuous,E,360,240.0,66.66666666666667,0.45,1646,40,40,152.4,500ft,True,disabled,1080,763,317,30,1,185,248,186,3479.7775877650256,234.5908938493529,168.40150537439916,156.62372759662134,104.30108891225991,260.92481650888107,1234.6396402389637,867,0.0250679489086295,0.8185185185185185,0.0277777777777777,S6,대형 고밀도 스트레스 시나리오,6000,6000,100,20,360,10800,10,1080,1045,35,347,3.112391930835735,8,S6_cycle0001_E_seed1104,1,1104,E
S6,continuous,A,360,240.0,66.66666666666667,0.45,1592,40,40,152.4,500ft,False,disabled,1080,162,918,2004,2004,285,359,2289,3248.8800015446304,100.49607052399664,0.0,0.0,0.0,0.0,0.0,0,0.0,0.0,0.0,S6,대형 고밀도 스트레스 시나리오,6000,6000,100,20,360,10800,10,1080,1070,10,345,3.130434782608696,10,S6_cycle0002_A_seed1200,2,1200,A
S6,continuous,B,360,240.0,66.66666666666667,0.45,1643,40,40,152.4,500ft,False,disabled,1080,660,420,53,0,270,355,270,3715.6046114261258,123.24513696333942,0.0,0.0,0.0,0.0,0.0,0,0.030877180031833,0.7814814814814814,0.0425925925925925,S6,대형 고밀도 스트레스 시나리오,6000,6000,100,20,360,10800,10,1080,1067,13,347,3.112391930835735,10,S6_cycle0002_B_seed1201,2,1201,B
S6,continuous,C,360,240.0,66.66666666666667,0.45,1657,40,40,152.4,500ft,False,disabled,1080,221,859,1760,1760,143,143,1903,3259.3401986018357,105.75147188167604,9.77777777777778,0.0,0.0,0.0,0.0,0,0.0,0.062037037037037,0.0,S6,대형 고밀도 스트레스 시나리오,6000,6000,100,20,360,10800,10,1080,1069,11,342,3.1578947368421053,8,S6_cycle0002_C_seed1202,2,1202,C
S6,continuous,D,360,240.0,66.66666666666667,0.45,1605,40,40,152.4,500ft,False,disabled,1080,783,297,80,0,172,173,172,3492.6269863339116,119.99317193240026,9.0,0.0,0.0,0.0,0.0,0,0.0689401767521026,0.7083333333333334,0.0638888888888888,S6,대형 고밀도 스트레스 시나리오,6000,6000,100,20,360,10800,10,1080,1069,11,343,3.1486880466472305,7,S6_cycle0002_D_seed1203,2,1203,D
S6,continuous,E,360,240.0,66.66666666666667,0.45,1654,40,40,152.4,500ft,True,disabled,1080,771,309,32,8,188,506,196,3667.9158072346704,247.91185629517395,179.12004268241202,167.78670934907862,113.13154636878326,280.9182557178616,1650.3309053969724,884,0.051768506500387,0.8601851851851852,0.0259259259259259,S6,대형 고밀도 스트레스 시나리오,6000,6000,100,20,360,10800,10,1080,1037,43,342,3.1578947368421053,9,S6_cycle0002_E_seed1204,2,1204,E
S6,continuous,A,360,240.0,66.66666666666667,0.45,1609,40,40,152.4,500ft,False,disabled,1080,176,904,1767,1767,216,268,1983,3215.9649721492856,95.57685858789036,0.0,0.0,0.0,0.0,0.0,0,0.0,0.0,0.0,S6,대형 고밀도 스트레스 시나리오,6000,6000,100,20,360,10800,10,1080,1070,10,346,3.121387283236994,8,S6_cycle0003_A_seed1300,3,1300,A
S6,continuous,B,360,240.0,66.66666666666667,0.45,1590,40,40,152.4,500ft,False,disabled,1080,638,442,52,0,283,340,283,3632.810925916875,117.22480361579814,0.0,0.0,0.0,0.0,0.0,0,0.0484494440737983,0.7185185185185186,0.0416666666666666,S6,대형 고밀도 스트레스 시나리오,6000,6000,100,20,360,10800,10,1080,1067,13,344,3.13953488372093,8,S6_cycle0003_B_seed1301,3,1301,B
S6,continuous,C,360,240.0,66.66666666666667,0.45,1620,40,40,152.4,500ft,False,disabled,1080,278,802,1455,1455,140,140,1595,3255.705534310084,98.49172850245706,8.666666666666666,0.0,0.0,0.0,0.0,0,0.0,0.0722222222222222,0.0,S6,대형 고밀도 스트레스 시나리오,6000,6000,100,20,360,10800,10,1080,1072,8,345,3.130434782608696,10,S6_cycle0003_C_seed1302,3,1302,C
S6,continuous,D,360,240.0,66.66666666666667,0.45,1612,40,40,152.4,500ft,False,disabled,1080,820,260,49,0,151,151,151,3524.238913313432,118.25477910756766,10.72222222222222,0.0,0.0,0.0,0.0,0,0.068071128685723,0.7592592592592593,0.0462962962962962,S6,대형 고밀도 스트레스 시나리오,6000,6000,100,20,360,10800,10,1080,1066,14,341,3.167155425219941,8,S6_cycle0003_D_seed1303,3,1303,D
S6,continuous,E,360,240.0,66.66666666666667,0.45,1650,40,40,152.4,500ft,True,disabled,1080,788,292,36,1,168,237,169,3375.4306081870373,230.5885443700131,154.43216119254848,143.98771674810394,105.88393036413538,249.87164711223957,1071.612914272304,873,0.0355705811797358,0.850925925925926,0.0314814814814814,S6,대형 고밀도 스트레스 시나리오,6000,6000,100,20,360,10800,10,1080,1036,44,348,3.103448275862069,8,S6_cycle0003_E_seed1304,3,1304,E
S6,continuous,A,360,240.0,66.66666666666667,0.45,1636,40,40,152.4,500ft,False,disabled,1080,118,962,2468,2468,231,278,2699,3621.1141280798342,99.31655443165906,0.0,0.0,0.0,0.0,0.0,0,0.0,0.0,0.0,S6,대형 고밀도 스트레스 시나리오,6000,6000,100,20,360,10800,10,1080,1067,13,346,3.121387283236994,10,S6_cycle0004_A_seed1400,4,1400,A
S6,continuous,B,360,240.0,66.66666666666667,0.45,1622,40,40,152.4,500ft,False,disabled,1080,684,396,32,0,258,326,258,3472.0593994057676,108.92648411862528,0.0,0.0,0.0,0.0,0.0,0,0.0990682443577276,0.6861111111111111,0.0314814814814814,S6,대형 고밀도 스트레스 시나리오,6000,6000,100,20,360,10800,10,1080,1068,12,346,3.121387283236994,8,S6_cycle0004_B_seed1401,4,1401,B
S6,continuous,C,360,240.0,66.66666666666667,0.45,1626,40,40,152.4,500ft,False,disabled,1080,249,831,1678,1678,138,138,1816,3313.7702526598177,100.73119908811265,8.11111111111111,0.0,0.0,0.0,0.0,0,0.0,0.0759259259259259,0.0,S6,대형 고밀도 스트레스 시나리오,6000,6000,100,20,360,10800,10,1080,1072,8,343,3.1486880466472305,8,S6_cycle0004_C_seed1402,4,1402,C
S6,continuous,D,360,240.0,66.66666666666667,0.45,1598,40,40,152.4,500ft,False,disabled,1080,834,246,60,0,136,136,136,3561.7376277870662,117.91849435693044,10.0,0.0,0.0,0.0,0.0,0,0.051866651142815,0.7148148148148148,0.0527777777777777,S6,대형 고밀도 스트레스 시나리오,6000,6000,100,20,360,10800,10,1080,1066,14,345,3.130434782608696,10,S6_cycle0004_D_seed1403,4,1403,D
S6,continuous,E,360,240.0,66.66666666666667,0.45,1624,40,40,152.4,500ft,True,disabled,1080,808,272,33,2,152,242,154,3451.7990199406877,222.93057970443445,166.1544548182003,156.71001037375595,100.96731191923118,257.6773222929866,1065.6440578868269,895,0.0342296188538829,0.8064814814814815,0.0314814814814814,S6,대형 고밀도 스트레스 시나리오,6000,6000,100,20,360,10800,10,1080,1041,39,342,3.1578947368421053,8,S6_cycle0004_E_seed1404,4,1404,E
S6,continuous,A,360,240.0,66.66666666666667,0.45,1597,40,40,152.4,500ft,False,disabled,1080,156,924,1901,1901,230,266,2131,3248.269035537513,91.41247607766,0.0,0.0,0.0,0.0,0.0,0,0.0,0.0,0.0,S6,대형 고밀도 스트레스 시나리오,6000,6000,100,20,360,10800,10,1080,1070,10,340,3.176470588235294,9,S6_cycle0005_A_seed1500,5,1500,A
S6,continuous,B,360,240.0,66.66666666666667,0.45,1612,40,40,152.4,500ft,False,disabled,1080,660,420,69,0,263,325,263,3582.3511990762654,121.56526079868782,0.0,0.0,0.0,0.0,0.0,0,0.1544387336548202,0.7703703703703704,0.0583333333333333,S6,대형 고밀도 스트레스 시나리오,6000,6000,100,20,360,10800,10,1080,1067,13,347,3.112391930835735,8,S6_cycle0005_B_seed1501,5,1501,B
S6,continuous,C,360,240.0,66.66666666666667,0.45,1629,40,40,152.4,500ft,False,disabled,1080,252,828,1775,1775,128,129,1903,3082.220126236508,94.6120460507152,8.722222222222221,0.0,0.0,0.0,0.0,0,0.0,0.087037037037037,0.0,S6,대형 고밀도 스트레스 시나리오,6000,6000,100,20,360,10800,10,1080,1073,7,341,3.167155425219941,9,S6_cycle0005_C_seed1502,5,1502,C
S6,continuous,D,360,240.0,66.66666666666667,0.45,1682,40,40,152.4,500ft,False,disabled,1080,811,269,58,0,154,154,154,3126.981578983211,111.18338898300212,9.72222222222222,0.0,0.0,0.0,0.0,0,0.147763766016635,0.7342592592592593,0.0537037037037037,S6,대형 고밀도 스트레스 시나리오,6000,6000,100,20,360,10800,10,1080,1065,15,351,3.076923076923077,8,S6_cycle0005_D_seed1503,5,1503,D
S6,continuous,E,360,240.0,66.66666666666667,0.45,1616,40,40,152.4,500ft,True,disabled,1080,740,340,42,8,205,331,213,3624.236058091867,246.19399069918504,182.81845795019316,166.81845795019322,111.0687467483714,277.88720469856503,1119.659904300328,871,0.0616087498019821,0.8222222222222222,0.0296296296296296,S6,대형 고밀도 스트레스 시나리오,6000,6000,100,20,360,10800,10,1080,1039,41,354,3.0508474576271185,8,S6_cycle0005_E_seed1504,5,1504,E
