scenario_id,sweep,model,flight_id,aircraft_id,planned_start_time,start_time,cruise_arrival_time,descent_start_time,end_time,delay_s,takeoff_pad_delay_s,landing_pad_delay_s,pad_delay_s,takeoff_pad_start_s,takeoff_pad_end_s,landing_pad_start_s,landing_pad_end_s,cruise_altitude,distance_m,detour_distance_m,building_risks,building_collisions,path_changes,altitude_changes
S3,continuous,D,0,146,0.0,0.0,55.93397925261508,55.93397925261508,106.63442276259678,0.0,0.0,0.0,0.0,0.0,30.0,96.63442276259678,286.6344227625968,350.0,2051.400295724791,0.0,0,0,0,1
S3,continuous,D,1,136,30.0,30.0,82.84781538834345,82.84781538834345,107.98864656567619,0.0,0.0,0.0,0.0,30.0,60.0,97.98864656567618,287.98864656567616,300.0,605.5875534255666,0.0,0,0,0,0
S3,continuous,D,2,67,60.0,60.0,102.71791010561279,102.71791010561279,125.97739175718057,0.0,0.0,0.0,0.0,60.0,90.0,115.97739175718057,305.97739175718056,350.0,1949.1906375043213,0.0,0,0,0,1
S3,continuous,D,3,111,90.0,90.0,140.34921555086984,140.34921555086984,179.5627407411347,0.0,0.0,0.0,0.0,90.0,120.0,169.56274074113472,359.5627407411347,350.0,1222.362669834877,0.0,0,0,0,1
S3,continuous,D,4,46,120.0,120.0,177.08765464090317,292.71791010561276,315.97739175718056,0.0,0.0,115.63025546470959,115.63025546470959,120.0,150.0,305.97739175718056,495.97739175718056,350.0,1991.107178985259,0.0,0,0,0,1
S3,continuous,D,5,96,150.0,150.0,219.75587097807406,219.75587097807406,282.6715929324595,0.0,0.0,0.0,0.0,150.0,180.0,272.6715929324595,462.6715929324595,350.0,3220.143744543976,0.0,0,0,0,1
S3,continuous,D,6,123,180.0,359.5627407411347,421.9981059239313,421.9981059239313,435.73642985542074,179.5627407411347,179.5627407411347,0.0,179.5627407411347,359.5627407411347,389.5627407411347,425.73642985542074,615.7364298554207,350.0,1812.8819117775552,0.0,0,0,0,1
S3,continuous,D,7,68,210.0,210.0,311.3245807831997,311.3245807831997,352.93505763822264,0.0,0.0,0.0,0.0,210.0,240.0,342.93505763822264,532.9350576382226,350.0,3303.053474804434,0.0,0,0,0,1
S3,continuous,D,8,147,240.0,240.0,334.5199513186427,334.5199513186427,367.10669356997073,0.0,0.0,0.0,0.0,240.0,270.0,357.10669356997073,547.1066935699707,350.0,3451.3888810971907,0.0,0,0,0,1
S3,continuous,D,9,137,270.0,462.6715929324595,542.5704396760494,542.5704396760494,556.4868317004642,192.67159293245948,192.67159293245948,0.0,192.67159293245948,462.6715929324595,492.6715929324595,546.4868317004642,736.4868317004642,300.0,2133.0355558409747,0.0,0,0,0,0
S3,continuous,D,10,62,300.0,300.0,351.1045891021289,351.1045891021289,376.15327414048255,0.0,0.0,0.0,0.0,300.0,330.0,366.15327414048255,556.1532741404826,350.0,2057.3718571614486,0.0,0,0,0,1
S3,continuous,D,11,80,330.0,495.97739175718056,545.4958519825606,545.4958519825606,561.9547835143612,165.97739175718056,165.97739175718056,0.0,165.97739175718056,495.97739175718056,525.9773917571806,551.9547835143612,741.9547835143612,350.0,1949.1906375043213,0.0,0,0,0,1
S3,continuous,D,12,106,360.0,492.6715929324595,573.1413515472312,573.1413515472312,612.354876737496,132.67159293245948,132.67159293245948,0.0,132.67159293245948,492.6715929324595,522.6715929324595,602.354876737496,792.354876737496,350.0,1680.9153464156732,0.0,0,0,0,1
S3,continuous,D,13,35,390.0,390.0,474.06307382763663,492.7179101056128,535.9773917571806,0.0,0.0,18.654836277976187,18.654836277976187,390.0,420.0,525.9773917571806,715.9773917571806,450.0,1460.6416469847438,0.0,0,0,0,1
S3,continuous,D,14,21,420.0,420.0,476.5303332965073,501.3245807831996,542.9350576382226,0.0,0.0,24.794247486692313,24.794247486692313,420.0,450.0,532.9350576382226,722.9350576382226,350.0,2231.915006942712,0.0,0,0,0,1
S3,continuous,D,15,47,450.0,450.0,544.5199513186427,544.5199513186427,577.1066935699707,0.0,0.0,0.0,0.0,450.0,480.0,567.1066935699707,757.1066935699707,350.0,3451.3888810971907,0.0,0,0,0,1
S3,continuous,D,16,41,480.0,480.0,567.4889193344762,567.4889193344762,640.4046412888616,0.0,0.0,0.0,0.0,480.0,510.0,630.4046412888616,820.4046412888616,400.0,2453.979215621468,0.0,0,0,0,1
S3,continuous,D,17,140,510.0,510.0,593.1950777211212,611.9981059239313,625.7364298554207,0.0,0.0,18.803028202810196,18.803028202810196,510.0,540.0,615.7364298554207,805.7364298554207,350.0,2488.502784616655,0.0,0,0,0,1
S3,continuous,D,18,24,540.0,715.9773917571806,775.0127140447912,801.9981059239313,815.7364298554207,175.9773917571806,175.9773917571806,26.98539187914014,202.96278363632075,715.9773917571806,745.9773917571806,805.7364298554207,995.7364298554207,350.0,2570.045070318144,0.0,0,0,0,1
S3,continuous,D,19,19,570.0,570.0,618.8448276841323,981.9981059239313,1005.7364298554207,0.0,0.0,363.1532782397991,363.1532782397991,570.0,600.0,995.7364298554207,1185.7364298554207,400.0,1900.1307354709788,0.0,0,0,0,1
S3,continuous,D,20,130,600.0,745.9773917571806,804.624547086451,804.624547086451,863.9754275461914,145.9773917571806,145.9773917571806,0.0,145.9773917571806,745.9773917571806,775.9773917571806,853.9754275461914,1043.9754275461914,350.0,2772.2300557367194,0.0,0,0,0,1
S3,continuous,D,21,131,630.0,630.0,652.3271250129662,741.9547835143612,748.4137150461618,0.0,0.0,89.62765850139499,89.62765850139499,630.0,660.0,741.9547835143612,931.9547835143612,300.0,206.4024531906253,0.0,0,0,0,0
S3,continuous,D,22,86,660.0,660.0,687.635369827973,773.1413515472312,802.354876737496,0.0,0.0,85.50598171925822,85.50598171925822,660.0,690.0,792.354876737496,982.354876737496,300.0,1746.8762180209078,0.0,0,0,0,0
S3,continuous,D,23,58,690.0,690.0,759.1006371642137,1161.9981059239312,1195.7364298554207,0.0,0.0,402.89746875971764,402.89746875971764,690.0,720.0,1185.7364298554207,1375.7364298554207,450.0,1211.7481044305978,0.0,0,0,0,1
S3,continuous,D,24,60,720.0,720.0,819.4185332533557,819.4185332533557,867.005942101653,0.0,0.0,0.0,0.0,720.0,750.0,857.005942101653,1047.005942101653,350.0,3205.86829944787,0.0,0,0,0,1
S3,continuous,D,25,0,750.0,750.0,818.6869297304122,984.624547086451,1053.9754275461914,0.0,0.0,165.9376173560388,165.9376173560388,750.0,780.0,1043.9754275461914,1233.9754275461914,400.0,3265.1623262319426,0.0,0,0,0,1
S3,continuous,D,26,80,780.0,780.0,869.6390727721791,869.6390727721791,904.7799039495119,0.0,0.0,0.0,0.0,780.0,810.0,894.7799039495119,1084.779903949512,350.0,3217.085461720269,0.0,0,0,0,1
S3,continuous,D,27,141,810.0,810.0,837.7291247644037,837.7291247644037,890.644846718789,0.0,0.0,0.0,0.0,810.0,840.0,880.644846718789,1070.644846718789,300.0,1295.5188922188283,0.31404414535370506,1,0,1,0
S3,continuous,D,28,2,840.0,840.0,899.6316159231156,1009.4185332533558,1057.005942101653,0.0,0.0,109.78691733024016,109.78691733024016,840.0,870.0,1047.005942101653,1237.005942101653,350.0,2668.7091950840613,0.0,0,0,0,1
S3,continuous,D,29,36,870.0,1375.7364298554207,1389.6649732549354,1389.6649732549354,1403.5813652793502,505.73642985542074,505.73642985542074,0.0,505.73642985542074,1375.7364298554207,1405.7364298554207,1393.5813652793502,1583.5813652793502,300.0,767.6215443145261,0.0,0,0,0,0
S3,continuous,D,30,132,900.0,900.0,983.1495133728365,983.1495133728365,997.404969164291,0.0,0.0,0.0,0.0,900.0,930.0,987.404969164291,1177.4049691642908,350.0,2601.7032524107467,0.0,0,0,0,1
S3,continuous,D,31,138,930.0,930.0,949.3572055885587,949.3572055885587,971.9439478398867,0.0,0.0,0.0,0.0,930.0,960.0,961.9439478398867,1151.9439478398867,300.0,976.0266923996452,0.0,0,0,0,0
S3,continuous,D,32,131,960.0,960.0,1046.2342304426911,1046.2342304426911,1077.5482932318714,0.0,0.0,0.0,0.0,960.0,990.0,1067.5482932318714,1257.5482932318714,350.0,2892.644092056356,0.0,0,0,0,1
S3,continuous,D,33,78,990.0,990.0,1021.80852775342,1199.4185332533557,1247.0059421016529,0.0,0.0,177.61000549993582,177.61000549993582,990.0,1020.0,1237.005942101653,1427.005942101653,350.0,924.1708592894743,0.0,0,0,0,1
S3,continuous,D,34,75,1020.0,1020.0,1097.087654640903,1097.087654640903,1140.3471362924709,0.0,0.0,0.0,0.0,1020.0,1050.0,1130.3471362924709,1320.3471362924709,450.0,2191.107178985259,0.0,0,0,0,1
S3,continuous,D,35,106,1050.0,1050.0,1122.2678789625597,1287.087654640903,1330.3471362924709,0.0,0.0,164.81977567834338,164.81977567834338,1050.0,1080.0,1320.3471362924709,1510.3471362924709,450.0,2256.1537617300182,0.0,0,0,0,1
S3,continuous,D,36,45,1080.0,1080.0,1152.1103868723826,1152.1103868723826,1189.8993489184545,0.0,0.0,0.0,0.0,1080.0,1110.0,1179.8993489184545,1369.8993489184545,350.0,1869.7765852736632,0.0,0,0,0,1
S3,continuous,D,37,113,1110.0,1427.005942101653,1516.645014873832,1516.645014873832,1551.7858460511648,317.0059421016531,317.0059421016531,0.0,317.0059421016531,1427.005942101653,1457.005942101653,1541.7858460511648,1731.7858460511648,350.0,3217.085461720269,0.0,0,0,0,1
S3,continuous,D,38,62,1140.0,1140.0,1212.914707654928,1212.914707654928,1261.772138758749,0.0,0.0,0.0,0.0,1140.0,1170.0,1251.772138758749,1441.772138758749,350.0,2687.1002791146366,0.0,0,0,0,1
S3,continuous,D,39,67,1170.0,1457.005942101653,1520.2508909190005,1520.2508909190005,1534.5063467104549,287.0059421016531,287.0059421016531,0.0,287.0059421016531,1457.005942101653,1487.005942101653,1524.5063467104549,1714.5063467104549,350.0,1353.0503211354403,0.0,0,0,0,1
S3,continuous,D,40,21,1200.0,1200.0,1250.3587870700178,1250.3587870700178,1271.672849859198,0.0,0.0,0.0,0.0,1200.0,1230.0,1261.672849859198,1451.672849859198,300.0,1913.4715293449067,0.0,0,0,0,0
S3,continuous,D,41,86,1230.0,1230.0,1282.3493128628254,1282.3493128628254,1321.5628380530902,0.0,0.0,0.0,0.0,1230.0,1260.0,1311.5628380530902,1501.5628380530902,350.0,1941.1955530401306,0.0,0,0,0,1
S3,continuous,D,42,91,1260.0,1510.3471362924709,1569.3824585800814,1569.3824585800814,1583.120782511571,250.34713629247085,250.34713629247085,0.0,250.34713629247085,1510.3471362924709,1540.3471362924709,1573.120782511571,1763.120782511571,350.0,2570.045070318144,0.0,0,0,0,1
S3,continuous,D,43,127,1290.0,1290.0,1342.3493128628254,1472.3493128628254,1511.5628380530902,0.0,0.0,130.0,130.0,1290.0,1320.0,1501.5628380530902,1691.5628380530902,350.0,1941.1955530401306,0.0,0,0,0,1
S3,continuous,D,44,71,1320.0,1369.8993489184545,1423.3046905402618,1423.3046905402618,1440.235296887736,49.89934891845451,49.89934891845451,0.0,49.89934891845451,1369.8993489184545,1399.8993489184545,1430.235296887736,1620.235296887736,350.0,1314.6898136834318,0.0,0,0,0,1
S3,continuous,D,45,96,1350.0,1350.0,1429.8233674749838,1429.8233674749838,1436.2822990067843,0.0,0.0,0.0,0.0,1350.0,1380.0,1429.8233674749838,1619.8233674749838,300.0,2090.7163021374945,0.0,0,0,0,0
S3,continuous,D,46,100,1380.0,1380.0,1430.7589795973172,1710.2508909190005,1724.5063467104549,0.0,0.0,279.49191132168335,279.49191132168335,1380.0,1410.0,1714.5063467104549,1904.5063467104549,350.0,1910.5403414132747,0.0,0,0,0,1
S3,continuous,D,47,81,1410.0,1410.0,1513.9646389232273,1513.9646389232273,1542.259118876193,0.0,0.0,0.0,0.0,1410.0,1440.0,1532.259118876193,1722.259118876193,350.0,3412.4773662959915,0.0,0,0,0,1
S3,continuous,D,48,130,1440.0,1904.5063467104549,1947.089449453898,1947.089449453898,1982.2302806312307,464.50634671045486,404.50634671045486,0.0,404.50634671045486,1904.5063467104549,1934.5063467104549,1972.2302806312307,2162.230280631231,350.0,2135.4912316431937,0.0,0,0,0,1
S3,continuous,D,49,138,1470.0,1470.0,1524.1082184989334,1524.1082184989334,1577.0239404533188,0.0,0.0,0.0,0.0,1470.0,1500.0,1567.0239404533188,1757.0239404533188,300.0,1922.4804369744093,0.0,0,0,0,0
S3,continuous,D,50,76,1500.0,1500.0,1540.9331880706648,1540.9331880706648,1554.8502053105883,0.0,0.0,0.0,0.0,1500.0,1530.0,1544.8502053105883,1734.8502053105883,350.0,631.4463683084116,0.0,0,0,0,1
S3,continuous,D,51,106,1530.0,1530.0,1612.2192334538868,1612.2192334538868,1661.5701139136272,0.0,0.0,0.0,0.0,1530.0,1560.0,1651.5701139136272,1841.5701139136272,300.0,3218.175949442291,0.389453172310823,1,0,1,0
S3,continuous,D,52,34,1560.0,1560.0,1656.3769234002993,1656.3769234002993,1705.2343545041203,0.0,0.0,0.0,0.0,1560.0,1590.0,1695.2343545041203,1885.2343545041203,350.0,3542.8880324235347,0.0,0,0,0,1
S3,continuous,D,53,52,1590.0,1691.5628380530902,1745.97673875567,1745.97673875567,1769.893130780085,101.56283805309022,101.56283805309022,0.0,101.56283805309022,1691.5628380530902,1721.5628380530902,1759.893130780085,1949.893130780085,350.0,1329.0079535610719,0.0,0,0,0,1
S3,continuous,D,54,21,1620.0,1722.259118876193,1792.014989854267,1792.014989854267,1854.9307118086524,102.25911887619304,102.25911887619304,0.0,102.25911887619304,1722.259118876193,1752.259118876193,1844.9307118086524,2034.9307118086524,350.0,3220.143744543976,0.0,0,0,0,1
S3,continuous,D,55,5,1650.0,1885.2343545041203,1976.115491408073,1976.115491408073,2017.7259682630959,235.23435450412035,175.23435450412035,0.0,175.23435450412035,1885.2343545041203,1915.2343545041203,2007.7259682630959,2197.7259682630956,350.0,3253.919926469665,0.0,0,0,0,1
S3,continuous,D,56,84,1680.0,1680.0,1719.6464874781248,1719.6464874781248,1732.9059691296925,0.0,0.0,0.0,0.0,1680.0,1710.0,1722.9059691296925,1912.9059691296925,300.0,760.0838340730777,0.0,0,0,0,0
S3,continuous,D,57,59,1710.0,1710.0,1757.5776572767809,1757.5776572767809,1774.508263624255,0.0,0.0,0.0,0.0,1710.0,1740.0,1764.508263624255,1954.508263624255,350.0,1781.652675350511,0.0,0,0,0,1
S3,continuous,D,58,63,1740.0,1757.0239404533188,1856.131102717177,1947.5776572767809,1964.508263624255,17.0239404533188,17.0239404533188,91.44655455960378,108.47049501292258,1757.0239404533188,1787.0239404533188,1954.508263624255,2144.508263624255,350.0,2811.9943288074983,0.0,0,0,0,1
S3,continuous,D,59,17,1770.0,1949.893130780085,1989.0098983168148,1989.0098983168148,2028.2234235070796,179.8931307800849,179.8931307800849,0.0,179.8931307800849,1949.893130780085,1979.893130780085,2018.2234235070796,2208.2234235070796,350.0,1329.0079535610719,0.0,0,0,0,1
S3,continuous,D,60,104,1800.0,1800.0,1829.9848154461513,1829.9848154461513,1833.9018326860748,0.0,0.0,0.0,0.0,1800.0,1830.0,1829.9848154461513,2019.9848154461513,300.0,1090.5705385778992,0.10348450687524746,1,0,1,0
S3,continuous,D,61,58,1830.0,1830.0,1899.3290694101504,1899.3290694101504,1931.9158116614785,0.0,0.0,0.0,0.0,1830.0,1860.0,1921.9158116614785,2111.9158116614785,350.0,2218.892265873585,0.0,0,0,0,1
S3,continuous,D,62,127,1860.0,1860.0,1906.1364549501493,1909.6464874781248,1922.9059691296925,0.0,0.0,3.5100325279754543,3.5100325279754543,1860.0,1890.0,1912.9059691296925,2102.9059691296925,300.0,824.1708592894743,0.0,0,0,0,0
S3,continuous,D,63,8,1890.0,2019.9848154461513,2070.5837293710874,2070.5837293710874,2118.171138219385,129.9848154461513,129.9848154461513,0.0,129.9848154461513,2019.9848154461513,2049.9848154461515,2108.171138219385,2298.171138219385,350.0,2752.9819094419577,0.0,0,0,0,1
S3,continuous,D,64,129,1920.0,1979.893130780085,2034.9778822904018,2166.1154914080726,2207.7259682630956,59.8931307800849,59.8931307800849,131.13760911767076,191.03073989775567,1979.893130780085,2009.893130780085,2197.7259682630956,2387.7259682630956,350.0,2405.524976790655,0.0,0,0,0,1
S3,continuous,D,65,92,1950.0,2102.9059691296925,2130.6350938940964,2130.6350938940964,2183.5508158484818,152.9059691296925,152.9059691296925,0.0,152.9059691296925,2102.9059691296925,2132.9059691296925,2173.5508158484818,2363.5508158484818,300.0,1295.5188922188283,0.31404414535370506,1,0,1,0
S3,continuous,D,66,101,1980.0,2111.9158116614785,2182.221146467934,2346.1154914080726,2397.7259682630956,131.91581166147853,131.91581166147853,163.89434494013858,295.8101566016171,2111.9158116614785,2141.9158116614785,2387.7259682630956,2577.7259682630956,400.0,2318.892265873585,0.0,0,0,0,1
S3,continuous,D,67,108,2010.0,2144.508263624255,2177.055249547465,2177.055249547465,2214.844211593537,134.50826362425505,134.50826362425505,0.0,134.50826362425505,2144.508263624255,2174.508263624255,2204.844211593537,2394.844211593537,350.0,1314.6898136834318,0.0,0,0,0,1
S3,continuous,D,68,141,2040.0,2040.0,2070.1964961725303,2179.0098983168145,2218.2234235070796,0.0,0.0,108.81340214428428,108.81340214428428,2040.0,2070.0,2208.2234235070796,2398.2234235070796,350.0,1194.1999263256134,0.0,0,0,0,1
S3,continuous,D,69,13,2070.0,2174.508263624255,2196.1272505542693,2196.1272505542693,2236.827694064251,104.50826362425505,104.50826362425505,0.0,104.50826362425505,2174.508263624255,2204.508263624255,2226.827694064251,2416.827694064251,300.0,1217.3806214566287,0.0,0,0,0,0
S3,continuous,D,70,19,2100.0,2100.0,2142.598388893016,2142.598388893016,2175.185131144344,0.0,0.0,0.0,0.0,2100.0,2130.0,2165.185131144344,2355.185131144344,350.0,672.5069779499479,0.0,0,0,0,1
S3,continuous,D,71,115,2130.0,2577.7259682630956,2647.5722984616605,2647.5722984616605,2675.8667784146264,447.72596826309564,447.72596826309564,0.0,447.72596826309564,2577.7259682630956,2607.7259682630956,2665.8667784146264,2855.8667784146264,350.0,2231.915006942712,0.0,0,0,0,1
S3,continuous,D,72,93,2160.0,2160.0,2191.6441056260537,2191.6441056260537,2195.382429557543,0.0,0.0,0.0,0.0,2160.0,2190.0,2191.6441056260537,2381.6441056260537,300.0,813.931456061577,0.6178528470995843,1,0,1,0
S3,continuous,D,73,17,2190.0,2394.844211593537,2427.4426004865527,2427.4426004865527,2450.0293427378806,204.84421159353678,204.84421159353678,0.0,204.84421159353678,2394.844211593537,2424.844211593537,2440.0293427378806,2630.0293427378806,300.0,572.5069779499479,0.0,0,0,0,0
S3,continuous,D,74,2,2220.0,2355.185131144344,2408.813133003309,2408.813133003309,2458.1640134630493,135.1851311443438,135.1851311443438,0.0,135.1851311443438,2355.185131144344,2385.185131144344,2448.1640134630493,2638.1640134630493,300.0,2429.1054207311645,0.0,0,0,0,0
S3,continuous,D,75,24,2250.0,2250.0,2328.959220709268,2376.1272505542693,2426.827694064251,0.0,0.0,47.168029845001456,47.168029845001456,2250.0,2280.0,2416.827694064251,2606.827694064251,350.0,3350.4323422322595,0.0,0,0,0,1
S3,continuous,D,76,44,2280.0,2280.0,2356.1329128667767,2356.1329128667767,2391.273744044109,0.0,0.0,0.0,0.0,2280.0,2310.0,2381.273744044109,2571.273744044109,350.0,3506.405416572216,0.0,0,0,0,1
S3,continuous,D,77,25,2310.0,2310.0,2359.033073503291,2359.033073503291,2390.347136292471,0.0,0.0,0.0,0.0,2310.0,2340.0,2380.347136292471,2570.347136292471,350.0,1991.107178985259,0.0,0,0,0,1
S3,continuous,D,78,136,2340.0,2381.6441056260537,2429.8950934513164,2429.8950934513164,2477.4825022996138,41.644105626053715,41.644105626053715,0.0,41.644105626053715,2381.6441056260537,2411.6441056260537,2467.4825022996138,2657.4825022996138,350.0,2607.4729234837987,0.0,0,0,0,1
S3,continuous,D,79,114,2370.0,2606.827694064251,2685.7534963163343,2685.7534963163343,2689.670513556258,236.82769406425086,236.82769406425086,0.0,236.82769406425086,2606.827694064251,2636.827694064251,2685.7534963163343,2875.7534963163343,300.0,2771.444553222971,0.0,0,0,0,0
S3,continuous,D,80,57,2400.0,2571.273744044109,2625.9459868581625,2625.9459868581625,2629.684310789652,171.2737440441092,171.2737440441092,0.0,171.2737440441092,2571.273744044109,2601.273744044109,2625.9459868581625,2815.9459868581625,300.0,2113.1565513254977,0.0,0,0,0,0
S3,continuous,D,81,0,2430.0,2430.0,2547.6550616419127,2558.813133003309,2648.1640134630493,0.0,0.0,11.158071361396196,11.158071361396196,2430.0,2460.0,2638.1640134630493,2828.1640134630493,500.0,3505.86829944787,0.0,0,0,0,1
S3,continuous,D,82,134,2460.0,2657.4825022996138,2745.1375639415264,2778.813133003309,2838.1640134630493,197.48250229961377,197.48250229961377,33.675569061782426,231.1580713613962,2657.4825022996138,2687.4825022996138,2828.1640134630493,3018.1640134630493,350.0,3205.86829944787,0.0,0,0,0,1
S3,continuous,D,83,141,2490.0,2687.4825022996138,2785.1375639415264,2958.813133003309,3028.1640134630493,197.48250229961377,197.48250229961377,173.67556906178243,371.1580713613962,2687.4825022996138,2717.4825022996138,3018.1640134630493,3208.1640134630493,400.0,3305.86829944787,0.0,0,0,0,1
S3,continuous,D,84,33,2520.0,2636.827694064251,2708.9380809366335,2708.9380809366335,2746.7270429827054,116.82769406425086,116.82769406425086,0.0,116.82769406425086,2636.827694064251,2666.827694064251,2736.7270429827054,2926.7270429827054,350.0,1869.7765852736632,0.0,0,0,0,1
S3,continuous,D,85,18,2550.0,3208.1640134630493,3280.1026945781114,3280.1026945781114,3318.9601256819324,658.1640134630493,658.1640134630493,0.0,658.1640134630493,3208.1640134630493,3238.1640134630493,3308.9601256819324,3498.9601256819324,300.0,1946.8949348392457,0.0,0,0,0,0
S3,continuous,D,86,132,2580.0,2580.0,2605.5393556261893,2605.5393556261893,2644.3967867300103,0.0,0.0,0.0,0.0,2580.0,2610.0,2634.3967867300103,2824.3967867300103,300.0,1655.3614674697726,0.0,0,0,0,0
S3,continuous,D,87,77,2610.0,2610.0,2682.83323567605,2682.83323567605,2760.4206445243476,0.0,0.0,0.0,0.0,2610.0,2640.0,2750.4206445243476,2940.4206445243476,500.0,2378.518644850444,0.0,0,0,0,1
S3,continuous,D,88,12,2640.0,2640.0,2713.25359655385,3168.813133003309,3248.1640134630493,0.0,0.0,455.55953644945885,455.55953644945885,2640.0,2670.0,3238.1640134630493,3428.1640134630493,450.0,2115.960300555913,0.0,0,0,0,1
S3,continuous,D,89,35,2670.0,2670.0,2707.767462411467,2707.767462411467,2724.698068758941,0.0,0.0,0.0,0.0,2670.0,2700.0,2714.698068758941,2904.698068758941,350.0,1587.5164147074436,0.0,0,0,0,1
S3,continuous,D,90,148,2700.0,2700.0,2759.985023752363,2759.985023752363,2783.244505403931,0.0,0.0,0.0,0.0,2700.0,2730.0,2773.244505403931,2963.244505403931,350.0,2105.7832195834617,0.0,0,0,0,1
S3,continuous,D,91,86,2730.0,2904.698068758941,2974.239608397466,2974.239608397466,3023.097039501287,174.6980687589412,174.6980687589412,0.0,174.6980687589412,2904.698068758941,2934.698068758941,3013.097039501287,3203.097039501287,350.0,3836.335739993163,0.0,0,0,0,1
S3,continuous,D,92,42,2760.0,2760.0,2812.2678789625597,2949.985023752363,2973.244505403931,0.0,0.0,137.71714478980311,137.71714478980311,2760.0,2790.0,2963.244505403931,3153.244505403931,350.0,2056.1537617300182,0.0,0,0,0,1
S3,continuous,D,93,112,2790.0,2790.0,2828.5652547197246,2828.5652547197246,2891.48097667411,0.0,0.0,0.0,0.0,2790.0,2820.0,2881.48097667411,3071.48097667411,350.0,1340.9266803884186,0.0,0,0,0,1
S3,continuous,D,94,6,2820.0,3071.48097667411,3175.8580896536037,3175.8580896536037,3204.1525696065696,251.48097667411002,191.48097667411002,0.0,191.48097667411002,3071.48097667411,3101.48097667411,3194.1525696065696,3384.1525696065696,350.0,3220.143744543976,0.0,0,0,0,1
S3,continuous,D,95,4,2850.0,2850.0,2893.3012003578565,2893.3012003578565,2899.7601318896573,0.0,0.0,0.0,0.0,2850.0,2880.0,2893.3012003578565,3083.3012003578565,300.0,1991.0391041509754,0.0,0,0,0,0
S3,continuous,D,96,109,2880.0,3428.1640134630493,3494.423579217997,3494.423579217997,3509.4722642563506,548.1640134630493,548.1640134630493,0.0,548.1640134630493,3428.1640134630493,3458.1640134630493,3499.4722642563506,3689.4722642563506,300.0,1449.243513837618,0.0,0,0,0,0
S3,continuous,D,97,98,2910.0,2910.0,2930.7319850422246,2930.7319850422246,2944.648377066639,0.0,0.0,0.0,0.0,2910.0,2940.0,2934.648377066639,3124.648377066639,300.0,1210.164899808417,0.0,0,0,0,0
S3,continuous,D,98,22,2940.0,2940.0,2987.8190528206155,2987.8190528206155,3017.0325780108806,0.0,0.0,0.0,0.0,2940.0,2970.0,3007.0325780108806,3197.0325780108806,300.0,1384.691741265937,0.0,0,0,0,0
S3,continuous,D,99,108,2970.0,2970.0,2992.327125012966,3083.3012003578565,3089.7601318896573,0.0,0.0,90.97407534489048,90.97407534489048,2970.0,3000.0,3083.3012003578565,3273.3012003578565,300.0,206.4024531906253,0.0,0,0,0,0
S3,continuous,D,100,36,3000.0,3153.244505403931,3179.0817930041826,3179.0817930041826,3208.2953181944476,153.24450540393082,153.24450540393082,0.0,153.24450540393082,3153.244505403931,3183.244505403931,3198.2953181944476,3388.2953181944476,300.0,1050.8854307880742,0.0,0,0,0,0
S3,continuous,D,101,117,3030.0,3124.648377066639,3155.3797368933547,3155.3797368933547,3159.2967541332782,94.64837706663911,94.64837706663911,0.0,94.64837706663911,3124.648377066639,3154.648377066639,3155.3797368933547,3345.3797368933547,300.0,1210.164899808417,0.0,0,0,0,0
S3,continuous,D,102,112,3060.0,3060.0,3102.5096951754695,3102.5096951754695,3133.8237579646498,0.0,0.0,0.0,0.0,3060.0,3090.0,3123.8237579646498,3313.8237579646498,350.0,660.2306661360926,0.0,0,0,0,1
S3,continuous,D,103,29,3090.0,3090.0,3159.979726390266,3159.979726390266,3185.0284114286196,0.0,0.0,0.0,0.0,3090.0,3120.0,3175.0284114286196,3365.0284114286196,350.0,2460.2391917017453,0.0,0,0,0,1
S3,continuous,D,104,39,3120.0,3154.648377066639,3205.7529661687677,3674.423579217997,3699.4722642563506,34.648377066639114,34.648377066639114,468.67061304922936,503.3189901158685,3154.648377066639,3184.648377066639,3689.4722642563506,3879.4722642563506,350.0,2057.3718571614486,0.0,0,0,0,1
S3,continuous,D,105,55,3150.0,3150.0,3203.122046656947,3203.122046656947,3266.0377686113325,0.0,0.0,0.0,0.0,3150.0,3180.0,3256.0377686113325,3446.0377686113325,350.0,2811.9943288074983,0.0,0,0,0,1
S3,continuous,D,106,22,3180.0,3388.2953181944476,3441.2271959727623,3441.2271959727623,3445.144213212686,208.29531819444765,208.29531819444765,0.0,208.29531819444765,3388.2953181944476,3418.2953181944476,3441.2271959727623,3631.2271959727623,300.0,1746.8762180209078,0.0,0,0,0,0
S3,continuous,D,107,72,3210.0,3210.0,3231.618986930014,3231.618986930014,3272.319430439996,0.0,0.0,0.0,0.0,3210.0,3240.0,3262.319430439996,3452.319430439996,300.0,1217.3806214566287,0.0,0,0,0,0
S3,continuous,D,108,3,3240.0,3384.1525696065696,3440.682902903077,3440.682902903077,3482.2933797581,144.1525696065696,144.1525696065696,0.0,144.1525696065696,3384.1525696065696,3414.1525696065696,3472.2933797581,3662.2933797581,350.0,2231.915006942712,0.0,0,0,0,1
S3,continuous,D,109,9,3270.0,3414.1525696065696,3460.4719368121155,3460.4719368121155,3498.2608988581874,144.1525696065696,144.1525696065696,0.0,144.1525696065696,3414.1525696065696,3444.1525696065696,3488.2608988581874,3678.2608988581874,350.0,1532.076360167175,0.0,0,0,0,1
S3,continuous,D,110,32,3300.0,3498.9601256819324,3567.36682206756,3567.36682206756,3630.2825440219453,198.96012568193237,198.96012568193237,0.0,198.96012568193237,3498.9601256819324,3528.9601256819324,3620.2825440219453,3810.2825440219453,350.0,1862.150117411478,0.0,0,0,0,1
S3,continuous,D,111,0,3330.0,3330.0,3393.122046656947,3747.36682206756,3820.2825440219453,0.0,0.0,354.2447754106129,354.2447754106129,3330.0,3360.0,3810.2825440219453,4000.2825440219453,400.0,2911.9943288074983,0.0,0,0,0,1
S3,continuous,D,112,73,3360.0,3360.0,3394.1674202825584,3394.1674202825584,3397.905744214048,0.0,0.0,0.0,0.0,3360.0,3390.0,3394.1674202825584,3584.1674202825584,300.0,903.670532996133,0.0,0,0,0,0
S3,continuous,D,113,91,3390.0,3390.0,3436.1364549501495,3436.1364549501495,3449.3959366017175,0.0,0.0,0.0,0.0,3390.0,3420.0,3439.3959366017175,3629.3959366017175,300.0,824.1708592894743,0.0,0,0,0,0
S3,continuous,D,114,55,3420.0,3452.319430439996,3530.593866174351,3530.593866174351,3554.5102581987658,32.31943043999581,32.31943043999581,0.0,32.31943043999581,3452.319430439996,3482.319430439996,3544.5102581987658,3734.5102581987658,350.0,2211.350325963581,0.0,0,0,0,1
S3,continuous,D,115,106,3450.0,3450.0,3489.5134958061763,3630.682902903077,3672.2933797581,0.0,0.0,141.1694070969006,141.1694070969006,3450.0,3480.0,3662.2933797581,3852.2933797581,350.0,1798.2313799259548,0.0,0,0,0,1
S3,continuous,D,116,137,3480.0,3678.2608988581874,3740.9091057388146,3740.9091057388146,3764.1685873903825,198.26089885818737,198.26089885818737,0.0,198.26089885818737,3678.2608988581874,3708.2608988581874,3754.1685873903825,3944.1685873903825,350.0,1962.5252074585412,0.0,0,0,0,1
S3,continuous,D,117,2,3510.0,3510.0,3599.755870978074,3927.36682206756,4010.2825440219453,0.0,0.0,327.61095108948575,327.61095108948575,3510.0,3540.0,4000.2825440219453,4190.282544021946,450.0,3420.143744543976,0.0,0,0,0,1
S3,continuous,D,118,18,3540.0,3540.0,3589.5134958061763,3810.682902903077,3862.2933797581,0.0,0.0,221.1694070969006,221.1694070969006,3540.0,3570.0,3852.2933797581,4042.2933797581,400.0,1898.2313799259548,0.0,0,0,0,1
S3,continuous,D,119,38,3570.0,3570.0,3670.2109063001153,4107.366822067561,4200.282544021947,0.0,0.0,437.1559157674451,437.1559157674451,3570.0,3600.0,4190.282544021946,4380.282544021946,500.0,2360.748817467948,0.0,0,0,0,1
S3,continuous,D,120,104,3600.0,3734.5102581987658,3773.6270257354954,3773.6270257354954,3812.8405509257605,134.51025819876577,134.51025819876577,0.0,134.51025819876577,3734.5102581987658,3764.5102581987658,3802.8405509257605,3992.8405509257605,350.0,1329.0079535610719,0.0,0,0,0,1
S3,continuous,D,121,4,3630.0,3630.0,3696.931082787449,3696.931082787449,3732.0719139647817,0.0,0.0,0.0,0.0,3630.0,3660.0,3722.0719139647817,3912.0719139647817,350.0,2628.2605695513816,0.0,0,0,0,1
S3,continuous,D,122,123,3660.0,4042.2933797581,4115.072216099025,4115.072216099025,4138.98860812344,382.29337975809995,382.29337975809995,0.0,382.29337975809995,4042.2933797581,4072.2933797581,4128.98860812344,4318.98860812344,350.0,2405.524976790655,0.0,0,0,0,1
S3,continuous,D,123,54,3690.0,3690.0,3761.5540196542893,4020.682902903077,4082.2933797581,0.0,0.0,259.1288832487876,259.1288832487876,3690.0,3720.0,4072.2933797581,4262.2933797581,450.0,2997.7903854525343,0.0,0,0,0,1
S3,continuous,D,124,77,3720.0,3912.0719139647817,3981.5570856782356,3981.5570856782356,4014.1438279295635,192.07191396478174,192.07191396478174,0.0,192.07191396478174,3912.0719139647817,3942.0719139647817,4004.1438279295635,4194.1438279295635,350.0,2628.2605695513816,0.0,0,0,0,1
S3,continuous,D,125,84,3750.0,3942.0719139647817,3983.0051020354463,3983.0051020354463,3996.92211927537,192.07191396478174,192.07191396478174,0.0,192.07191396478174,3942.0719139647817,3972.0719139647817,3986.92211927537,4176.92211927537,350.0,631.4463683084116,0.0,0,0,0,1
S3,continuous,D,126,147,3780.0,3780.0,3838.997077838265,3838.997077838265,3887.854508942086,0.0,0.0,0.0,0.0,3780.0,3810.0,3877.854508942086,4067.854508942086,350.0,3330.229035628253,0.0,0,0,0,1
S3,continuous,D,127,112,3810.0,3992.8405509257605,4055.2759161085573,4055.2759161085573,4069.014240040047,182.84055092576045,182.84055092576045,0.0,182.84055092576045,3992.8405509257605,4022.8405509257605,4059.014240040047,4249.014240040047,350.0,1812.8819117775552,0.0,0,0,0,1
S3,continuous,D,128,9,3840.0,3840.0,3925.0847515103164,4200.682902903077,4272.2933797581,0.0,0.0,275.5981513927604,275.5981513927604,3840.0,3870.0,4262.2933797581,4452.2933797581,500.0,2705.524976790655,0.0,0,0,0,1
S3,continuous,D,129,22,3870.0,3870.0,3914.191761963835,3914.191761963835,3928.1081539882493,0.0,0.0,0.0,0.0,3870.0,3900.0,3918.1081539882493,4108.108153988249,300.0,1887.5398272781686,0.0,0,0,0,0
S3,continuous,D,130,53,3900.0,3900.0,3979.5134958061763,4380.682902903077,4462.2933797581,0.0,0.0,401.1694070969006,401.1694070969006,3900.0,3930.0,4452.2933797581,4642.2933797581,550.0,2198.231379925955,0.0,0,0,0,1
S3,continuous,D,131,50,3930.0,3944.1685873903825,3993.3428524124733,3993.3428524124733,4010.2734587599475,14.168587390382527,14.168587390382527,0.0,14.168587390382527,3944.1685873903825,3974.1685873903825,4000.2734587599475,4190.273458759948,350.0,1928.6026646967227,0.0,0,0,0,1
S3,continuous,D,132,133,3960.0,4022.8405509257605,4091.3900715375644,4091.3900715375644,4126.530902714897,62.84055092576045,62.84055092576045,0.0,62.84055092576045,4022.8405509257605,4052.8405509257605,4116.530902714897,4306.530902714897,350.0,2327.504809940576,0.0,0,0,0,1
S3,continuous,D,133,59,3990.0,3990.0,4004.3699620517987,4004.3699620517987,4032.1589240978706,0.0,0.0,0.0,0.0,3990.0,4020.0,4022.1589240978706,4212.15892409787,300.0,834.5225065438985,0.7284650317528758,1,0,1,0
S3,continuous,D,134,44,4020.0,4020.0,4063.3012003578565,4063.3012003578565,4069.7601318896573,0.0,0.0,0.0,0.0,4020.0,4050.0,4063.3012003578565,4253.301200357857,300.0,1991.0391041509754,0.0,0,0,0,0
S3,continuous,D,135,47,4050.0,4050.0,4100.478675575774,4100.478675575774,4125.527360614128,0.0,0.0,0.0,0.0,4050.0,4080.0,4115.527360614128,4305.527360614128,350.0,2056.1537617300182,0.0,0,0,0,1
S3,continuous,D,136,58,4080.0,4194.1438279295635,4228.311248212122,4249.014240040047,4252.752563971537,114.14382792956349,114.14382792956349,20.70299182792496,134.84681975748845,4194.1438279295635,4224.1438279295635,4249.014240040047,4439.014240040047,300.0,903.670532996133,0.0,0,0,0,0
S3,continuous,D,137,44,4110.0,4176.92211927537,4222.795255791293,4222.795255791293,4246.054737442861,66.92211927537028,66.92211927537028,0.0,66.92211927537028,4176.92211927537,4206.92211927537,4236.054737442861,4426.054737442861,350.0,2316.290446190722,0.0,0,0,0,1
S3,continuous,D,138,51,4140.0,4140.0,4184.524250585698,4184.524250585698,4223.737775775962,0.0,0.0,0.0,0.0,4140.0,4170.0,4213.737775775962,4403.737775775962,350.0,1233.3171263316801,0.0,0,0,0,1
S3,continuous,D,139,139,4170.0,4403.737775775962,4460.505337626613,4460.505337626613,4523.421059580999,233.7377757759623,173.7377757759623,0.0,173.7377757759623,4403.737775775962,4433.737775775962,4513.421059580999,4703.421059580999,350.0,1680.9153464156732,0.0,0,0,0,1
S3,continuous,D,140,33,4200.0,4380.282544021946,4466.218415619372,4466.218415619372,4480.135432859295,180.2825440219458,180.2825440219458,0.0,180.2825440219458,4380.282544021946,4410.282544021946,4470.135432859295,4660.135432859295,350.0,1918.84033884085,0.0,0,0,0,1
S3,continuous,D,141,47,4230.0,4230.0,4312.170339733059,4312.170339733059,4337.219024771413,0.0,0.0,0.0,0.0,4230.0,4260.0,4327.219024771413,4517.219024771413,350.0,2668.7091950840613,0.0,0,0,0,1
S3,continuous,D,142,7,4260.0,4318.98860812344,4345.662934391982,4345.662934391982,4349.918390183437,58.98860812343992,58.98860812343992,0.0,58.98860812343992,4318.98860812344,4348.98860812344,4345.662934391982,4535.662934391982,300.0,941.3881886878703,0.0,0,0,0,0
S3,continuous,D,143,38,4290.0,4290.0,4315.53935562619,4315.53935562619,4354.396786730011,0.0,0.0,0.0,0.0,4290.0,4320.0,4344.396786730011,4534.396786730011,300.0,1655.3614674697726,0.0,0,0,0,0
S3,continuous,D,144,66,4320.0,4535.662934391982,4569.141434294549,4650.505337626613,4713.421059580999,215.66293439198216,215.66293439198216,81.36390333206418,297.02683772404635,4535.662934391982,4565.662934391982,4703.421059580999,4893.421059580999,350.0,1667.3921628033665,0.0,0,0,0,1
S3,continuous,D,145,19,4350.0,4565.662934391982,4614.210472452452,4614.210472452452,4663.067903556273,215.66293439198216,215.66293439198216,0.0,215.66293439198216,4565.662934391982,4595.662934391982,4653.067903556273,4843.067903556273,350.0,2601.7032524107467,0.0,0,0,0,1
S3,continuous,D,146,43,4380.0,4439.014240040047,4488.528404607579,4488.528404607579,4511.787886259147,59.0142400400473,59.0142400400473,0.0,59.0142400400473,4439.014240040047,4469.014240040047,4501.787886259147,4691.787886259147,350.0,2570.045070318144,0.0,0,0,0,1
S3,continuous,D,147,145,4410.0,4433.737775775962,4489.957054709287,4489.957054709287,4539.307935169028,23.73777577596229,23.73777577596229,0.0,23.73777577596229,4433.737775775962,4463.737775775962,4529.307935169028,4719.307935169028,300.0,2193.2056111207403,0.0,0,0,0,0
S3,continuous,D,148,55,4440.0,4440.0,4512.908238416453,4669.957054709287,4729.307935169028,0.0,0.0,157.0488162928341,157.0488162928341,4440.0,4470.0,4719.307935169028,4909.307935169028,350.0,3412.4773662959915,0.0,0,0,0,1
S3,continuous,D,149,45,4470.0,4470.0,4522.4237129867815,4522.4237129867815,4553.737775775962,0.0,0.0,0.0,0.0,4470.0,4500.0,4543.737775775962,4733.737775775962,350.0,1233.3171263316804,0.0,0,0,0,1
S3,continuous,D,150,100,4500.0,4500.0,4542.5096951754695,4712.4237129867815,4743.737775775962,0.0,0.0,169.91401781131208,169.91401781131208,4500.0,4530.0,4733.737775775962,4923.737775775962,350.0,660.2306661360926,0.0,0,0,0,1
S3,continuous,D,151,6,4530.0,4893.421059580999,4997.798172560493,4997.798172560493,5026.092652513459,363.4210595809991,363.4210595809991,0.0,363.4210595809991,4893.421059580999,4923.421059580999,5016.092652513459,5206.092652513459,350.0,3220.143744543976,0.0,0,0,0,1
S3,continuous,D,152,109,4560.0,4560.0,4574.0683667683625,4912.4237129867815,4933.737775775962,0.0,0.0,338.3553462184191,338.3553462184191,4560.0,4590.0,4923.737775775962,5113.737775775962,300.0,813.9314560615769,0.6178528470995843,1,0,1,0
S3,continuous,D,153,30,4590.0,4590.0,4660.3587870700185,5082.4237129867815,5123.737775775962,0.0,0.0,422.06492591676306,422.06492591676306,4590.0,4620.0,5113.737775775962,5303.737775775962,400.0,2113.4715293449067,0.0,0,0,0,1
S3,continuous,D,154,116,4620.0,4909.307935169028,4994.804383335451,4994.804383335451,5057.720105289837,289.3079351690276,289.3079351690276,0.0,289.3079351690276,4909.307935169028,4939.307935169028,5047.720105289837,5237.720105289837,350.0,2354.3708591828595,0.0,0,0,0,1
S3,continuous,D,155,1,4650.0,4650.0,4691.058001928083,4691.058001928083,4722.668478783106,0.0,0.0,0.0,0.0,4650.0,4680.0,4712.668478783106,4902.668478783106,300.0,577.3623005023437,0.0,0,0,0,0
S3,continuous,D,156,95,4680.0,4680.0,4723.722390143164,4723.722390143164,4764.422833653146,0.0,0.0,0.0,0.0,4680.0,4710.0,4754.422833653146,4944.422833653146,300.0,1316.8275070278864,0.0,0,0,0,0
S3,continuous,D,157,146,4710.0,5303.737775775962,5362.012821253647,5362.012821253647,5424.928543208033,593.7377757759623,593.7377757759623,0.0,593.7377757759623,5303.737775775962,5333.737775775962,5414.928543208033,5604.928543208033,350.0,2268.547769618145,0.0,0,0,0,1
S3,continuous,D,158,88,4740.0,4740.0,4802.624834628931,4802.624834628931,4820.919314581897,0.0,0.0,0.0,0.0,4740.0,4770.0,4810.919314581897,5000.919314581897,300.0,1948.5711627152505,0.0,0,0,0,0
S3,continuous,D,159,29,4770.0,4770.0,4804.167420282559,4804.167420282559,4807.905744214048,0.0,0.0,0.0,0.0,4770.0,4800.0,4804.167420282559,4994.167420282559,300.0,903.670532996133,0.0,0,0,0,0
S3,continuous,D,160,141,4800.0,4800.0,4830.193758591915,4903.722390143164,4954.422833653146,0.0,0.0,73.52863155124942,73.52863155124942,4800.0,4830.0,4944.422833653146,5134.422833653146,350.0,1387.3330165378788,0.0,0,0,0,1
S3,continuous,D,161,120,4830.0,4830.0,4919.639072772179,4919.639072772179,4954.779903949512,0.0,0.0,0.0,0.0,4830.0,4860.0,4944.779903949512,5134.779903949512,350.0,3217.085461720269,0.0,0,0,0,1
S3,continuous,D,162,95,4860.0,4860.0,4952.979264091144,5177.798172560493,5216.092652513459,0.0,0.0,224.81890846934948,224.81890846934948,4860.0,4890.0,5206.092652513459,5396.092652513459,400.0,3606.405416572216,0.0,0,0,0,1
S3,continuous,D,163,85,4890.0,4994.167420282559,5009.486422245279,5009.486422245279,5032.073164496607,104.16742028255885,104.16742028255885,0.0,104.16742028255885,4994.167420282559,5024.167420282559,5022.073164496607,5212.073164496607,300.0,903.670532996133,0.0,0,0,0,0
S3,continuous,D,164,148,4920.0,4920.0,4970.478675575774,4970.478675575774,4995.527360614128,0.0,0.0,0.0,0.0,4920.0,4950.0,4985.527360614128,5175.527360614128,350.0,2056.1537617300182,0.0,0,0,0,1
S3,continuous,D,165,61,4950.0,5175.527360614128,5226.286340211445,5226.286340211445,5240.5417960029,225.52736061412816,165.52736061412816,0.0,165.52736061412816,5175.527360614128,5205.527360614128,5230.5417960029,5420.5417960029,350.0,1910.5403414132747,0.0,0,0,0,1
S3,continuous,D,166,110,4980.0,5134.422833653146,5223.061171288317,5223.061171288317,5248.109856326671,154.42283365314597,154.42283365314597,0.0,154.42283365314597,5134.422833653146,5164.422833653146,5238.109856326671,5428.109856326671,350.0,2907.938584421007,0.0,0,0,0,1
S3,continuous,D,167,117,5010.0,5024.167420282559,5039.21741933219,5039.21741933219,5067.006381378262,14.16742028255885,14.16742028255885,0.0,14.16742028255885,5024.167420282559,5054.167420282559,5057.006381378262,5247.006381378262,300.0,911.7481044305977,0.0,0,0,0,0
S3,continuous,D,168,59,5040.0,5040.0,5057.939712185714,5199.486422245279,5222.073164496607,0.0,0.0,141.54671005956516,141.54671005956516,5040.0,5070.0,5212.073164496607,5402.073164496607,300.0,1046.4947498311858,0.0,0,0,0,0
S3,continuous,D,169,38,5070.0,5070.0,5105.462986349354,5105.462986349354,5131.9219178811545,0.0,0.0,0.0,0.0,5070.0,5100.0,5121.9219178811545,5311.9219178811545,400.0,1000.7406404762448,0.0,0,0,0,1
S3,continuous,D,170,112,5100.0,5100.0,5183.584177178483,5183.584177178483,5242.935057638223,0.0,0.0,0.0,0.0,5100.0,5130.0,5232.935057638223,5422.935057638223,350.0,3303.053474804434,0.0,0,0,0,1
S3,continuous,D,171,13,5130.0,5333.737775775962,5380.2697944578285,5380.2697944578285,5405.4106256351615,203.7377757759623,203.7377757759623,0.0,203.7377757759623,5333.737775775962,5363.737775775962,5395.4106256351615,5585.4106256351615,300.0,1913.4715293449067,0.0,0,0,0,0
S3,continuous,D,172,3,5160.0,5160.0,5201.462829741446,5201.462829741446,5214.722311393013,0.0,0.0,0.0,0.0,5160.0,5190.0,5204.722311393013,5394.722311393013,300.0,1972.3085495153057,0.0,0,0,0,0
S3,continuous,D,173,129,5190.0,5190.0,5233.478499902567,5542.012821253647,5614.928543208033,0.0,0.0,308.5343213510805,308.5343213510805,5190.0,5220.0,5604.928543208033,5794.928543208033,400.0,1767.3921628033665,0.0,0,0,0,1
S3,continuous,D,174,25,5220.0,5247.006381378262,5308.977169266953,5308.977169266953,5322.894186506876,27.00638137826172,27.00638137826172,0.0,27.00638137826172,5247.006381378262,5277.006381378262,5312.894186506876,5502.894186506876,350.0,1870.6516192712584,0.0,0,0,0,1
S3,continuous,D,175,29,5250.0,5250.0,5287.435290402811,5287.435290402811,5304.365896750285,0.0,0.0,0.0,0.0,5250.0,5280.0,5294.365896750285,5484.365896750285,350.0,1733.142416149576,0.0,0,0,0,1
S3,continuous,D,176,0,5280.0,5280.0,5333.56550617503,5333.56550617503,5384.879568964211,0.0,0.0,0.0,0.0,5280.0,5310.0,5374.879568964211,5564.879568964211,450.0,1736.0546624859614,0.0,0,0,0,1
S3,continuous,D,177,12,5310.0,5310.0,5349.100637164213,5349.100637164213,5352.838961095703,0.0,0.0,0.0,0.0,5310.0,5340.0,5349.100637164213,5539.100637164213,300.0,911.7481044305977,0.0,0,0,0,0
S3,continuous,D,178,10,5340.0,5340.0,5404.962486660561,5404.962486660561,5442.751448706633,0.0,0.0,0.0,0.0,5340.0,5370.0,5432.751448706633,5622.751448706633,350.0,2352.759331665528,0.0,0,0,0,1
S3,continuous,D,179,59,5370.0,5370.0,5423.405341621808,5477.435290402811,5494.365896750285,0.0,0.0,54.02994878100344,54.02994878100344,5370.0,5400.0,5484.365896750285,5674.365896750285,350.0,1314.6898136834318,0.0,0,0,0,1
S3,continuous,D,180,43,5400.0,5400.0,5470.325533697677,5543.56550617503,5574.879568964211,0.0,0.0,73.23997247735315,73.23997247735315,5400.0,5430.0,5564.879568964211,5754.879568964211,350.0,2278.959821064631,0.0,0,0,0,1
S3,continuous,D,181,46,5430.0,5430.0,5465.081069934809,5465.081069934809,5502.668478783106,0.0,0.0,0.0,0.0,5430.0,5460.0,5492.668478783106,5682.668478783106,300.0,577.3623005023437,0.0,0,0,0,0
S3,continuous,D,182,60,5460.0,5460.0,5501.272039388655,5501.272039388655,5505.527495180109,0.0,0.0,0.0,0.0,5460.0,5490.0,5501.272039388655,5691.272039388655,300.0,1644.5869744347,0.0,0,0,0,0
S3,continuous,D,183,124,5490.0,5490.0,5536.319367205546,5594.962486660561,5632.751448706633,0.0,0.0,58.64311945501504,58.64311945501504,5490.0,5520.0,5622.751448706633,5812.751448706633,350.0,1532.076360167175,0.0,0,0,0,1
S3,continuous,D,184,95,5520.0,5520.0,5590.356165296957,5590.356165296957,5596.815096828758,0.0,0.0,0.0,0.0,5520.0,5550.0,5590.356165296957,5780.356165296957,300.0,1679.4013824388167,0.0,0,0,0,0
S3,continuous,D,185,33,5550.0,5682.668478783106,5770.323540425018,5770.323540425018,5829.674420884759,132.66847878310637,132.66847878310637,0.0,132.66847878310637,5682.668478783106,5712.668478783106,5819.674420884759,6009.674420884759,350.0,3205.86829944787,0.0,0,0,0,1
S3,continuous,D,186,23,5580.0,5580.0,5630.6577631526025,5630.6577631526025,5663.244505403931,0.0,0.0,0.0,0.0,5580.0,5610.0,5653.244505403931,5843.244505403931,350.0,2105.7832195834617,0.0,0,0,0,1
S3,continuous,D,187,114,5610.0,5843.244505403931,5903.229529156294,5903.229529156294,5926.489010807862,233.24450540393082,173.24450540393082,0.0,173.24450540393082,5843.244505403931,5873.244505403931,5916.489010807862,6106.489010807862,350.0,2105.7832195834617,0.0,0,0,0,1
S3,continuous,D,188,76,5640.0,5640.0,5698.997077838265,5698.997077838265,5747.854508942086,0.0,0.0,0.0,0.0,5640.0,5670.0,5737.854508942086,5927.854508942086,350.0,3330.229035628253,0.0,0,0,0,1
S3,continuous,D,189,124,5670.0,5691.272039388655,5741.314288626578,5950.323540425018,6019.674420884759,21.272039388654775,21.272039388654775,209.00925179844035,230.28129118709512,5691.272039388655,5721.272039388655,6009.674420884759,6199.674420884759,400.0,2187.1512443538913,0.0,0,0,0,1
S3,continuous,D,190,30,5700.0,5700.0,5762.267878962561,6083.229529156294,6116.489010807862,0.0,0.0,320.9616501937335,320.9616501937335,5700.0,5730.0,6106.489010807862,6296.489010807862,400.0,2156.1537617300182,0.0,0,0,0,1
S3,continuous,D,191,88,5730.0,5730.0,5743.928543399515,5743.928543399515,5757.844935423929,0.0,0.0,0.0,0.0,5730.0,5760.0,5747.844935423929,5937.844935423929,300.0,767.6215443145261,0.0,0,0,0,0
S3,continuous,D,192,111,5760.0,5760.0,5781.80852775342,5781.80852775342,5819.395936601717,0.0,0.0,0.0,0.0,5760.0,5790.0,5809.395936601717,5999.395936601717,300.0,824.1708592894743,0.0,0,0,0,0
S3,continuous,D,193,97,5790.0,5790.0,5850.042249237923,6130.323540425018,6209.674420884759,0.0,0.0,280.2812911870951,280.2812911870951,5790.0,5820.0,6199.674420884759,6389.674420884759,450.0,2287.1512443538913,0.0,0,0,0,1
S3,continuous,D,194,88,5820.0,5820.0,5905.539219406204,5961.80852775342,6009.395936601717,0.0,0.0,56.26930834721588,56.26930834721588,5820.0,5850.0,5999.395936601717,6189.395936601717,350.0,2060.748817467948,0.0,0,0,0,1
S3,continuous,D,195,54,5850.0,5850.0,5919.631615923116,6141.80852775342,6199.395936601717,0.0,0.0,222.17691183030365,222.17691183030365,5850.0,5880.0,6189.395936601717,6379.395936601717,400.0,2768.7091950840613,0.0,0,0,0,1
S3,continuous,D,196,4,5880.0,5880.0,5924.191761963835,5933.928543399515,5947.844935423929,0.0,0.0,9.736781435679404,9.736781435679404,5880.0,5910.0,5937.844935423929,6127.844935423929,300.0,1887.5398272781686,0.0,0,0,0,0
S3,continuous,D,197,149,5910.0,5910.0,6014.377112979494,6014.377112979494,6042.67159293246,0.0,0.0,0.0,0.0,5910.0,5940.0,6032.67159293246,6222.67159293246,350.0,3220.143744543976,0.0,0,0,0,1
S3,continuous,D,198,29,5940.0,5940.0,5969.984815446152,5969.984815446152,5973.901832686076,0.0,0.0,0.0,0.0,5940.0,5970.0,5969.984815446152,6159.984815446152,300.0,1090.5705385778992,0.10348450687524746,1,0,1,0
S3,continuous,D,199,114,5970.0,5970.0,5984.0683667683625,5984.0683667683625,6005.382429557543,0.0,0.0,0.0,0.0,5970.0,6000.0,5995.382429557543,6185.382429557543,300.0,813.9314560615769,0.6178528470995843,1,0,1,0
S3,continuous,D,200,21,6000.0,6127.844935423929,6154.519261692471,6154.519261692471,6158.774717483926,127.8449354239292,127.8449354239292,0.0,127.8449354239292,6127.844935423929,6157.844935423929,6154.519261692471,6344.519261692471,300.0,941.3881886878703,0.0,0,0,0,0
S3,continuous,D,201,37,6030.0,6030.0,6078.54753806047,6078.54753806047,6127.404969164291,0.0,0.0,0.0,0.0,6030.0,6060.0,6117.404969164291,6307.404969164291,350.0,2601.7032524107467,0.0,0,0,0,1
S3,continuous,D,202,148,6060.0,6185.382429557543,6229.906680143241,6229.906680143241,6269.1202053335055,125.38242955754322,125.38242955754322,0.0,125.38242955754322,6185.382429557543,6215.382429557543,6259.1202053335055,6449.1202053335055,350.0,1233.3171263316801,0.0,0,0,0,1
S3,continuous,D,203,100,6090.0,6090.0,6144.672242814054,6144.672242814054,6148.410566745543,0.0,0.0,0.0,0.0,6090.0,6120.0,6144.672242814054,6334.672242814054,300.0,2113.1565513254977,0.0,0,0,0,0
S3,continuous,D,204,47,6120.0,6296.489010807862,6333.111122777084,6333.111122777084,6383.811566287066,176.48901080786163,176.48901080786163,0.0,176.48901080786163,6296.489010807862,6326.489010807862,6373.811566287066,6563.811566287066,350.0,1260.6416469847438,0.0,0,0,0,1
S3,continuous,D,205,6,6150.0,6150.0,6209.631615923116,6341.80852775342,6389.395936601717,0.0,0.0,132.17691183030365,132.17691183030365,6150.0,6180.0,6379.395936601717,6569.395936601717,350.0,2668.7091950840613,0.0,0,0,0,1
S3,continuous,D,206,14,6180.0,6180.0,6205.53935562619,6278.54753806047,6317.404969164291,0.0,0.0,73.00818243428057,73.00818243428057,6180.0,6210.0,6307.404969164291,6497.404969164291,300.0,1655.3614674697726,0.0,0,0,0,0
S3,continuous,D,207,103,6210.0,6334.672242814054,6348.740609582416,6348.740609582416,6370.054672371597,124.67224281405379,124.67224281405379,0.0,124.67224281405379,6334.672242814054,6364.672242814054,6360.054672371597,6550.054672371597,300.0,813.9314560615769,0.6178528470995843,1,0,1,0
S3,continuous,D,208,72,6240.0,6240.0,6276.150745572026,6276.150745572026,6301.291576749359,0.0,0.0,0.0,0.0,6240.0,6270.0,6291.291576749359,6481.291576749359,300.0,1677.5763525161328,0.0,0,0,0,0
S3,continuous,D,209,66,6270.0,6364.672242814054,6402.107533216865,6402.107533216865,6419.038139564339,94.67224281405379,94.67224281405379,0.0,94.67224281405379,6364.672242814054,6394.672242814054,6409.038139564339,6599.038139564339,350.0,1733.142416149576,0.0,0,0,0,1
S3,continuous,D,210,100,6300.0,6300.0,6364.29352019871,6364.29352019871,6405.903997053733,0.0,0.0,0.0,0.0,6300.0,6330.0,6395.903997053733,6585.903997053733,350.0,2163.967738014711,0.0,0,0,0,1
S3,continuous,D,211,82,6330.0,6330.0,6382.472057958673,6554.29352019871,6595.903997053733,0.0,0.0,171.82146224003736,171.82146224003736,6330.0,6360.0,6585.903997053733,6775.903997053733,350.0,2847.973518391332,0.0,0,0,0,1
S3,continuous,D,212,22,6360.0,6389.674420884759,6466.031055087559,6466.031055087559,6495.244580277824,29.674420884758547,29.674420884758547,0.0,29.674420884758547,6389.674420884759,6419.674420884759,6485.244580277824,6675.244580277824,300.0,2193.2056111207403,0.0,0,0,0,0
S3,continuous,D,213,83,6390.0,6390.0,6460.461958941871,6460.461958941871,6474.378976181794,0.0,0.0,0.0,0.0,6390.0,6420.0,6464.378976181794,6654.378976181794,350.0,3022.2227518914524,0.0,0,0,0,1
S3,continuous,D,214,84,6420.0,6599.038139564339,6660.781100639055,6660.781100639055,6695.921931816388,179.03813956433896,179.03813956433896,0.0,179.03813956433896,6599.038139564339,6629.038139564339,6685.921931816388,6875.921931816388,350.0,3247.847502773504,0.0,0,0,0,1
S3,continuous,D,215,80,6450.0,6569.395936601717,6651.496009343787,6651.496009343787,6665.234333275276,119.39593660171704,119.39593660171704,0.0,119.39593660171704,6569.395936601717,6599.395936601717,6655.234333275276,6845.234333275276,350.0,2607.4729234837987,0.0,0,0,0,1
S3,continuous,D,216,17,6480.0,6550.054672371597,6581.698777997651,6845.234333275276,6848.972657206766,70.05467237159701,70.05467237159701,263.53555527762546,333.59022764922247,6550.054672371597,6580.054672371597,6845.234333275276,7035.234333275276,300.0,813.931456061577,0.6178528470995843,1,0,1,0
S3,continuous,D,217,122,6510.0,6510.0,6593.149513372837,6593.149513372837,6607.404969164291,0.0,0.0,0.0,0.0,6510.0,6540.0,6597.404969164291,6787.404969164291,350.0,2601.7032524107467,0.0,0,0,0,1
S3,continuous,D,218,94,6540.0,6540.0,6577.903468306416,6787.404969164291,6791.660424955746,0.0,0.0,209.50150085787573,209.50150085787573,6540.0,6570.0,6787.404969164291,6977.404969164291,300.0,834.5225065438984,0.7284650317528758,1,0,1,0
S3,continuous,D,219,34,6570.0,6570.0,6658.638337635171,6658.638337635171,6683.6870226735255,0.0,0.0,0.0,0.0,6570.0,6600.0,6673.6870226735255,6863.6870226735255,350.0,2907.938584421007,0.0,0,0,0,1
S3,continuous,D,220,113,6600.0,6629.038139564339,6690.013605763506,6848.638337635171,6873.6870226735255,29.038139564338962,29.038139564338962,158.62473187166506,187.66287143600402,6629.038139564339,6659.038139564339,6863.6870226735255,7053.6870226735255,350.0,3146.2204470420384,0.0,0,0,0,1
S3,continuous,D,221,47,6630.0,6775.903997053733,6810.985066988543,6810.985066988543,6848.57247583684,145.9039970537333,145.9039970537333,0.0,145.9039970537333,6775.903997053733,6805.903997053733,6838.57247583684,7028.57247583684,300.0,577.3623005023437,0.0,0,0,0,0
S3,continuous,D,222,102,6660.0,6660.0,6742.464987236192,6742.464987236192,6791.322418340013,0.0,0.0,0.0,0.0,6660.0,6690.0,6781.322418340013,6971.322418340013,350.0,1862.150117411478,0.0,0,0,0,1
S3,continuous,D,223,31,6690.0,6690.0,6775.935871597426,6775.935871597426,6789.852888837349,0.0,0.0,0.0,0.0,6690.0,6720.0,6779.852888837349,6969.852888837349,350.0,1918.84033884085,0.0,0,0,0,1
S3,continuous,D,224,138,6720.0,6977.404969164291,7004.637984391435,7004.637984391435,7022.932464344401,257.4049691642913,257.4049691642913,0.0,257.4049691642913,6977.404969164291,7007.404969164291,7012.932464344401,7202.932464344401,300.0,1644.5869744347,0.0,0,0,0,0
S3,continuous,D,225,129,6750.0,6750.0,6835.496448166424,6835.496448166424,6898.41217012081,0.0,0.0,0.0,0.0,6750.0,6780.0,6888.41217012081,7078.41217012081,350.0,2354.3708591828595,0.0,0,0,0,1
S3,continuous,D,226,140,6780.0,6780.0,6857.488919334476,7025.496448166424,7088.41217012081,0.0,0.0,168.00752883194764,168.00752883194764,6780.0,6810.0,7078.41217012081,7268.41217012081,350.0,2353.9792156214676,0.0,0,0,0,1
S3,continuous,D,227,87,6810.0,6810.0,6831.618986930014,6831.618986930014,6872.319430439996,0.0,0.0,0.0,0.0,6810.0,6840.0,6862.319430439996,7052.319430439996,300.0,1217.3806214566287,0.0,0,0,0,0
S3,continuous,D,228,64,6840.0,6840.0,6906.767561850651,7205.496448166424,7278.41217012081,0.0,0.0,298.7288863157728,298.7288863157728,6840.0,6870.0,7268.41217012081,7458.41217012081,400.0,1780.9153464156732,0.0,0,0,0,1
S3,continuous,D,229,22,6870.0,6870.0,6929.1989054084725,7011.618986930014,7062.319430439996,0.0,0.0,82.42008152154176,82.42008152154176,6870.0,6900.0,7052.319430439996,7242.319430439996,350.0,1869.7765852736632,0.0,0,0,0,1
S3,continuous,D,230,14,6900.0,6900.0,6932.62689691215,6932.62689691215,6939.085828443951,0.0,0.0,0.0,0.0,6900.0,6930.0,6932.62689691215,7122.62689691215,300.0,814.5720129704248,0.0,0,0,0,0
S3,continuous,D,231,98,6930.0,6930.0,6994.476826598871,6994.476826598871,7033.690351789136,0.0,0.0,0.0,0.0,6930.0,6960.0,7023.690351789136,7213.690351789136,350.0,2327.504809940576,0.0,0,0,0,1
S3,continuous,D,232,82,6960.0,7007.404969164291,7049.988071907735,7049.988071907735,7085.128903085068,47.40496916429129,47.40496916429129,0.0,47.40496916429129,7007.404969164291,7037.404969164291,7075.128903085068,7265.128903085068,350.0,2135.4912316431937,0.0,0,0,0,1
S3,continuous,D,233,120,6990.0,6990.0,7069.426172577822,7069.426172577822,7083.164496509312,0.0,0.0,0.0,0.0,6990.0,7020.0,7073.164496509312,7263.164496509312,350.0,2797.7903854525343,0.0,0,0,0,1
S3,continuous,D,234,145,7020.0,7053.6870226735255,7094.394400978764,7239.988071907735,7275.128903085068,33.68702267352546,33.68702267352546,145.59367092897082,179.28069360249629,7053.6870226735255,7083.6870226735255,7265.128903085068,7455.128903085068,350.0,1344.8604655373947,0.0,0,0,0,1
S3,continuous,D,235,62,7050.0,7050.0,7120.356165296957,7122.62689691215,7129.085828443951,0.0,0.0,2.2707316151927444,2.2707316151927444,7050.0,7080.0,7122.62689691215,7312.62689691215,300.0,1679.4013824388167,0.0,0,0,0,0
S3,continuous,D,236,88,7080.0,7080.0,7104.691010202563,7104.691010202563,7118.607402226978,0.0,0.0,0.0,0.0,7080.0,7110.0,7108.607402226978,7298.607402226978,300.0,401.28210162681364,0.0,0,0,0,0
S3,continuous,D,237,123,7110.0,7110.0,7195.6728354692705,7306.167965380349,7322.62689691215,0.0,0.0,110.49512991107895,110.49512991107895,7110.0,7140.0,7312.62689691215,7502.62689691215,350.0,2780.942104208085,0.0,0,0,0,1
S3,continuous,D,238,9,7140.0,7298.607402226978,7331.404007990178,7331.404007990178,7380.754888449918,158.60740222697768,158.60740222697768,0.0,158.60740222697768,7298.607402226978,7328.607402226978,7370.754888449918,7560.754888449918,300.0,1575.0172783398452,0.0,0,0,0,0
S3,continuous,D,239,68,7170.0,7170.0,7234.108218498934,7405.496448166424,7468.41217012081,0.0,0.0,171.38822966749012,171.38822966749012,7170.0,7200.0,7458.41217012081,7648.41217012081,350.0,2022.4804369744093,0.0,0,0,0,1
